id,filtered_words_str,features_str,label_index
R129,"particularly, sit, leave, sort, move, company., kid, world, drug, instead, the., experts, discuss, ongoing, developments, election.","(10000,[2260,2913,3008,3556,3614,3723,4506,4527,4687,5720,6282,6443,6946,7860,9360,9462],[4.607168188650764,3.383392757028649,5.117993812416755,2.7826188965997183,0.691153161953081,3.7316994512968646,0.691153161953081,4.270695952029551,0.691153161953081,4.830311739964974,4.019381523748645,3.7316994512968646,3.6516567436233283,2.997730276216664,4.42484663185681,0.691153161953081])",1.0
R227,"study, condition, sing, teach, staff, fill., responsibility, group, course, people, behind., strategy, hit, six, wait, pattern, operation., experts, discuss, ongoing, developments, climate, change.","(10000,[453,617,821,2059,2291,3502,3614,3652,4224,4263,4506,4687,5328,5401,5477,5887,6224,6451,7766,8252,8271,8522,9462],[3.914021008090819,3.7316994512968646,2.849310271098391,2.661258039595451,4.019381523748645,4.019381523748645,0.691153161953081,4.019381523748645,4.137164559405029,4.42484663185681,0.691153161953081,0.691153161953081,3.6516567436233283,3.8187108282864943,4.270695952029551,4.137164559405029,4.019381523748645,3.383392757028649,3.914021008090819,4.137164559405029,4.830311739964974,4.019381523748645,0.691153161953081])",1.0
F231,"ago, break, force., beautiful, environment, consumer, generation, large., —, shocking, claims, aliens, surface, internet.","(10000,[503,650,668,1273,1896,2407,3713,5850,6291,6963,7281,7936,8338,9475],[0.691153161953081,2.958509563063383,4.830311739964974,3.914021008090819,4.019381523748645,4.270695952029551,5.523458920524919,0.691153161953081,5.523458920524919,3.8187108282864943,0.6714286566053024,0.691153161953081,0.691153161953081,4.137164559405029])",0.0
R066,"tell, responsibility, structure, analysis., experts, discuss, ongoing, developments, policy.","(10000,[1850,2996,3502,3614,4506,4687,6421,6944,9462],[4.270695952029551,3.5085558999826545,4.019381523748645,0.691153161953081,0.691153161953081,0.691153161953081,5.523458920524919,2.849310271098391,0.691153161953081])",1.0
F095,"yet, pm, space, should., speak, course., explain, today, around, maintain, rather., compare, finish, win, direction., —, shocking, claims, mind, control, surface, internet.","(10000,[320,503,1208,1661,2398,3184,4037,4499,4732,5247,5341,5850,6197,6578,7026,7281,7936,8338,9188,9246,9547,9806],[4.019381523748645,0.691153161953081,2.7826188965997183,5.117993812416755,4.137164559405029,2.920769235080536,4.019381523748645,4.830311739964974,4.830311739964974,4.607168188650764,4.607168188650764,0.691153161953081,4.270695952029551,3.8187108282864943,3.914021008090819,0.6714286566053024,0.691153161953081,0.691153161953081,4.830311739964974,4.137164559405029,5.117993812416755,4.270695952029551])",0.0
R174,"shake, maintain, fight, decade, long, nearly., similar, modern, pattern, base., particular, affect, detail, later, maintain, law., experts, discuss, ongoing, developments, policy.","(10000,[560,617,1143,2180,2336,2437,2526,3614,4506,4687,5247,6030,6055,6838,6944,7046,8538,8904,8984,9462],[4.270695952029551,3.7316994512968646,3.914021008090819,4.42484663185681,4.42484663185681,5.523458920524919,4.607168188650764,0.691153161953081,0.691153161953081,0.691153161953081,9.214336377301528,4.42484663185681,4.270695952029551,4.830311739964974,2.849310271098391,4.607168188650764,5.117993812416755,4.830311739964974,4.019381523748645,0.691153161953081])",1.0
R201,"water, collection, test., whether, clear, crime, car., much, option, small, respond, firm, meeting., experts, discuss, ongoing, developments, public, health.","(10000,[222,524,731,1611,1770,2500,2589,3406,3614,4506,4687,6219,7032,8209,8290,8894,8960,9462,9613],[4.137164559405029,3.577548771469606,4.830311739964974,4.607168188650764,2.920769235080536,4.019381523748645,4.019381523748645,4.137164559405029,0.691153161953081,0.691153161953081,0.691153161953081,3.125563647726549,4.830311739964974,3.914021008090819,5.523458920524919,4.019381523748645,5.117993812416755,0.691153161953081,4.137164559405029])",1.0
R072,"major, best, pm, hot, compare, college, check., owner, research, technology, mean, institution., experts, discuss, ongoing, developments, education.","(10000,[763,909,1020,1058,3614,4506,4687,5047,6053,7026,7180,8057,9246,9394,9432,9462,9693],[4.270695952029551,4.830311739964974,2.6330871626287546,4.42484663185681,0.691153161953081,0.691153161953081,0.691153161953081,2.661258039595451,4.019381523748645,3.914021008090819,5.117993812416755,3.8187108282864943,4.137164559405029,5.523458920524919,3.914021008090819,0.691153161953081,4.270695952029551])",1.0
R064,"often, organization, late, floor., theory, image, class, deal, decide, at., experts, discuss, ongoing, developments, research.","(10000,[7,1364,1433,1468,2920,3079,3614,4007,4506,4687,5303,7066,7152,8293,9462],[4.270695952029551,4.42484663185681,4.270695952029551,4.019381523748645,5.523458920524919,3.5085558999826545,0.691153161953081,4.607168188650764,0.691153161953081,0.691153161953081,3.914021008090819,2.849310271098391,5.117993812416755,4.42484663185681,0.691153161953081])",1.0
F037,"answer, step, difficult, per, girl, someone., national, describe, picture, how., laugh, run, sense, candidate, benefit, their., —, shocking, claims, miracle, drug, surface, internet.","(10000,[266,298,503,1029,1256,1558,1712,2481,3409,3619,4108,4358,5447,5653,5850,6021,7085,7098,7281,7860,7910,7936,8338],[4.270695952029551,4.019381523748645,0.691153161953081,3.914021008090819,3.125563647726549,4.137164559405029,4.019381523748645,4.137164559405029,4.607168188650764,4.42484663185681,5.117993812416755,3.8187108282864943,3.6516567436233283,4.42484663185681,0.691153161953081,4.270695952029551,4.270695952029551,4.830311739964974,0.6714286566053024,2.997730276216664,4.137164559405029,0.691153161953081,0.691153161953081])",0.0
R170,"serve, month, green, suddenly, college., cup, available, capital, face., experts, discuss, ongoing, developments, technology, breakthrough.","(10000,[551,1020,1725,2227,2475,3059,3614,4506,4687,5741,6541,8581,9297,9462,9578],[4.270695952029551,2.6330871626287546,4.830311739964974,2.7200985396183848,4.270695952029551,4.270695952029551,0.691153161953081,0.691153161953081,0.691153161953081,4.42484663185681,3.8187108282864943,4.270695952029551,4.830311739964974,0.691153161953081,4.830311739964974])",1.0
F110,"wide, whatever, huge, sign, hard, social, beyond, help., air, seek, south., —, shocking, claims, celebrity, scandal, surface, internet.","(10000,[88,171,503,823,2198,2836,3486,3952,4640,4921,5125,5850,6756,7281,7695,7936,8338,8900],[4.019381523748645,4.270695952029551,0.691153161953081,4.137164559405029,4.42484663185681,4.270695952029551,2.849310271098391,5.523458920524919,4.830311739964974,2.849310271098391,4.270695952029551,0.691153161953081,3.3262343431887,0.6714286566053024,4.019381523748645,0.691153161953081,0.691153161953081,4.270695952029551])",0.0
F048,"program, hold, peace, month, capital, clearly, officer., —, shocking, claims, secret, cure, surface, internet.","(10000,[503,573,2389,3892,5741,5850,6511,6541,6697,6747,7281,7936,8238,8338],[0.691153161953081,5.117993812416755,4.42484663185681,2.5530444549552183,4.42484663185681,0.691153161953081,5.117993812416755,3.8187108282864943,4.607168188650764,2.5530444549552183,0.6714286566053024,0.691153161953081,4.270695952029551,0.691153161953081])",0.0
F082,"physical, power, decision, campaign., —, shocking, claims, hoax, surface, internet.","(10000,[503,2193,3056,4377,5850,5856,7281,7936,8338,8649],[0.691153161953081,3.6516567436233283,4.270695952029551,2.60568818844064,0.691153161953081,5.523458920524919,0.6714286566053024,0.691153161953081,0.691153161953081,4.019381523748645])",0.0
F187,"room, enter, ahead, think, chair, lawyer, son., health, receive, almost, first., entire, child, relationship, degree, truth, treat., —, shocking, claims, miracle, drug, surface, internet.","(10000,[494,503,681,1256,1440,2069,2335,3756,4260,4617,5850,7244,7281,7435,7860,7936,8268,8338,8566,8805,8824,9021,9066,9943],[4.607168188650764,0.691153161953081,4.607168188650764,3.125563647726549,4.830311739964974,3.914021008090819,3.6516567436233283,4.607168188650764,4.42484663185681,4.019381523748645,0.691153161953081,3.6516567436233283,0.6714286566053024,3.8187108282864943,2.997730276216664,0.691153161953081,3.7316994512968646,0.691153161953081,4.137164559405029,4.42484663185681,4.830311739964974,4.019381523748645,3.914021008090819,4.137164559405029])",0.0
F027,"national, special, grow, use, ball, year, pm., —, shocking, claims, miracle, drug, surface, internet.","(10000,[503,1055,1256,2404,5133,5850,6486,7281,7492,7860,7910,7936,8338,8899],[0.691153161953081,3.7316994512968646,3.125563647726549,4.270695952029551,3.8187108282864943,0.691153161953081,4.830311739964974,0.6714286566053024,4.137164559405029,2.997730276216664,4.137164559405029,0.691153161953081,0.691153161953081,4.830311739964974])",0.0
F202,"probably, memory, perhaps, carry, actually, vote, image., else, one, election, past., —, shocking, claims, hoax, surface, internet.","(10000,[132,454,503,815,1259,2297,3308,4377,5034,5850,6447,6941,7281,7936,8338,9214,9604],[3.8187108282864943,3.7316994512968646,0.691153161953081,4.42484663185681,3.6516567436233283,4.607168188650764,4.42484663185681,2.60568818844064,4.270695952029551,0.691153161953081,4.137164559405029,4.830311739964974,0.6714286566053024,0.691153161953081,0.691153161953081,4.270695952029551,5.117993812416755])",0.0
F197,"cost, policy, music, stay, according., —, shocking, claims, secret, cure, surface, internet.","(10000,[433,503,3892,4142,4490,5850,6370,6747,7281,7936,8338,9907],[4.830311739964974,0.691153161953081,2.5530444549552183,4.42484663185681,4.019381523748645,0.691153161953081,4.019381523748645,2.5530444549552183,0.6714286566053024,0.691153161953081,0.691153161953081,5.523458920524919])",0.0
R128,"mission, east, general, statement., decision, away, pattern, administration, history, fight, box., experts, discuss, ongoing, developments, climate, change.","(10000,[617,821,2059,2193,2526,3548,3614,3737,4506,4687,5185,5465,6069,6543,6576,8774,9462],[3.7316994512968646,2.849310271098391,2.661258039595451,3.6516567436233283,4.607168188650764,5.523458920524919,0.691153161953081,3.7316994512968646,0.691153161953081,0.691153161953081,3.8187108282864943,3.8187108282864943,4.019381523748645,4.019381523748645,3.7316994512968646,5.117993812416755,0.691153161953081])",1.0
F157,"week, beat, generation, nice., show, morning, box, avoid., common, political, growth., —, shocking, claims, government, cover-up, surface, internet.","(10000,[503,1175,2259,2569,3160,3935,4019,5122,5850,6332,6963,7281,7922,7936,8338,8780,9034,9813],[0.691153161953081,5.117993812416755,2.849310271098391,3.5085558999826545,4.42484663185681,3.6516567436233283,3.914021008090819,3.6516567436233283,0.691153161953081,4.42484663185681,3.8187108282864943,0.6714286566053024,4.270695952029551,0.691153161953081,0.691153161953081,5.117993812416755,2.8154087194227095,2.997730276216664])",0.0
F117,"president, get, political, time, establish, apply., week, focus, big., among, else, candidate, research, billion., catch, important, end., —, shocking, claims, hoax, surface, internet.","(10000,[503,629,1306,1392,1890,1967,2923,3931,3935,4358,4377,4959,5034,5122,5850,7281,7362,7936,7949,8157,8338,9426,9432],[0.691153161953081,5.117993812416755,5.523458920524919,5.523458920524919,5.523458920524919,4.830311739964974,4.607168188650764,3.8187108282864943,3.6516567436233283,3.8187108282864943,2.60568818844064,4.019381523748645,4.270695952029551,3.6516567436233283,0.691153161953081,0.6714286566053024,4.019381523748645,0.691153161953081,3.8187108282864943,4.019381523748645,0.691153161953081,4.270695952029551,3.914021008090819])",0.0
F173,"plan, machine, animal, card, although., —, shocking, claims, secret, cure, surface, internet.","(10000,[503,2144,3892,5850,6123,6747,6852,7281,7360,7936,8040,8338],[0.691153161953081,4.607168188650764,2.5530444549552183,0.691153161953081,4.137164559405029,2.5530444549552183,5.523458920524919,0.6714286566053024,4.019381523748645,0.691153161953081,3.577548771469606,0.691153161953081])",0.0
F024,"huge, enter, send, just., adult, keep, serious, production, protect, final, before., nice, traditional, send, man, information, pass., —, shocking, claims, aliens, surface, internet.","(10000,[72,503,650,1117,1457,1653,2198,2569,3370,4486,5523,5850,7235,7281,7435,7696,7936,8171,8190,8338,8353,9594],[3.914021008090819,0.691153161953081,2.958509563063383,4.42484663185681,5.117993812416755,4.42484663185681,4.42484663185681,3.5085558999826545,4.137164559405029,3.914021008090819,8.541391904059102,0.691153161953081,3.914021008090819,0.6714286566053024,3.8187108282864943,5.523458920524919,0.691153161953081,3.914021008090819,3.914021008090819,0.691153161953081,4.42484663185681,3.7316994512968646])",0.0
F096,"economy, writer, crime, hope, letter, at., let, foot, body, last, institution, hit., —, shocking, claims, celebrity, scandal, surface, internet.","(10000,[217,503,564,731,841,885,3243,3486,3989,4921,5850,6000,6906,7152,7281,7890,7936,8267,8338],[3.7316994512968646,0.691153161953081,4.270695952029551,4.830311739964974,4.607168188650764,5.117993812416755,4.270695952029551,2.849310271098391,4.270695952029551,2.849310271098391,0.691153161953081,4.270695952029551,4.270695952029551,5.117993812416755,0.6714286566053024,4.270695952029551,0.691153161953081,4.830311739964974,0.691153161953081])",0.0
R247,"economy, generation, several, short, movie, must., pick, three, might, whose., agent, discuss, property, reflect, miss, cup., grow, discover, analysis, enter, husband, property, such., experts, discuss, ongoing, developments, public, health.","(10000,[217,1071,1262,1296,1439,1770,2404,2733,3614,3629,3739,3924,4170,4506,4687,5016,5321,5925,6219,6383,6963,7208,7372,7435,9227,9300,9462],[3.7316994512968646,4.830311739964974,4.137164559405029,3.8187108282864943,3.5085558999826545,2.920769235080536,4.270695952029551,8.84969326371362,1.382306323906162,4.830311739964974,4.830311739964974,4.607168188650764,4.019381523748645,0.691153161953081,0.691153161953081,4.137164559405029,4.019381523748645,3.7316994512968646,3.125563647726549,5.117993812416755,3.8187108282864943,4.607168188650764,4.137164559405029,3.8187108282864943,4.42484663185681,4.830311739964974,0.691153161953081])",1.0
F226,"total, despite, tell, plant, relate, process, quickly., mrs, able, another, information, marriage., society, truth, away, police, onto, trouble., —, shocking, claims, government, cover-up, surface, internet.","(10000,[317,327,503,988,1301,1344,1850,2069,2259,3496,3737,3818,3876,4319,5850,6279,7244,7281,7936,8040,8166,8190,8338,9751,9813],[5.117993812416755,3.8187108282864943,0.691153161953081,3.914021008090819,3.7316994512968646,4.830311739964974,4.270695952029551,3.914021008090819,2.849310271098391,4.137164559405029,3.7316994512968646,5.117993812416755,4.270695952029551,3.5085558999826545,0.691153161953081,4.137164559405029,3.6516567436233283,0.6714286566053024,0.691153161953081,3.577548771469606,4.270695952029551,3.914021008090819,0.691153161953081,3.914021008090819,2.997730276216664])",0.0
F100,"young, summer, scene, republican, include., sit, series, fund., —, shocking, claims, flat, earth, surface, internet.","(10000,[503,2918,4463,4616,5844,5850,6623,6946,7281,7809,7936,8338,8403,9481,9676],[0.691153161953081,3.0385522707369192,4.607168188650764,4.137164559405029,4.270695952029551,0.691153161953081,4.607168188650764,3.6516567436233283,0.6714286566053024,4.830311739964974,0.691153161953081,0.691153161953081,4.830311739964974,4.830311739964974,3.0385522707369192])",0.0
F246,"add, chance, great, among, home, college., color, enjoy, garden, budget., —, shocking, claims, government, cover-up, surface, internet.","(10000,[346,503,750,1222,1805,2259,3365,5850,5936,7281,7362,7936,8338,9578,9813,9832,9887],[4.270695952029551,0.691153161953081,4.42484663185681,4.607168188650764,4.270695952029551,2.849310271098391,4.270695952029551,0.691153161953081,4.019381523748645,0.6714286566053024,4.019381523748645,0.691153161953081,0.691153161953081,4.830311739964974,2.997730276216664,3.914021008090819,3.914021008090819])",0.0
F183,"clearly, step, purpose, forget, always, food, pass., skill, every, officer, travel, third., job, low, close., —, shocking, claims, aliens, surface, internet.","(10000,[503,557,650,696,1558,5850,7146,7281,7936,7937,8089,8151,8171,8238,8338,8411,8653,8681,9011,9681,9968],[0.691153161953081,4.607168188650764,2.958509563063383,4.42484663185681,4.137164559405029,0.691153161953081,4.42484663185681,0.6714286566053024,0.691153161953081,5.523458920524919,4.42484663185681,4.270695952029551,3.914021008090819,4.270695952029551,0.691153161953081,3.7316994512968646,4.019381523748645,4.137164559405029,4.607168188650764,4.42484663185681,3.8187108282864943])",0.0
R063,"often, hit, still, work, head, move, rather., big, order, manager, vote., experts, discuss, ongoing, developments, policy.","(10000,[7,1064,1226,1652,1661,3048,3614,3712,4506,4687,6282,6878,6944,8252,9462,9527],[4.270695952029551,4.42484663185681,3.914021008090819,4.019381523748645,5.117993812416755,4.137164559405029,0.691153161953081,4.42484663185681,0.691153161953081,0.691153161953081,4.019381523748645,5.117993812416755,2.849310271098391,4.137164559405029,0.691153161953081,4.607168188650764])",1.0
R005,"central, charge, green., eight, road, later, article, short, personal., experts, discuss, ongoing, developments, election.","(10000,[560,1262,1702,3556,3614,4404,4506,4687,5725,6812,7016,8482,8928,9462],[4.270695952029551,4.137164559405029,3.7316994512968646,2.7826188965997183,0.691153161953081,5.523458920524919,0.691153161953081,0.691153161953081,4.019381523748645,4.270695952029551,4.607168188650764,3.577548771469606,4.270695952029551,0.691153161953081])",1.0
R084,"information, group, senior, position, speech, office., rest, unit, surface, should., well, everything, might, mouth., experts, discuss, ongoing, developments, election.","(10000,[157,320,502,1339,2708,3283,3556,3614,3924,4144,4506,4687,6335,7281,7765,7766,8190,9156,9462],[3.6516567436233283,4.019381523748645,4.830311739964974,4.019381523748645,3.914021008090819,5.523458920524919,2.7826188965997183,0.691153161953081,4.607168188650764,3.8187108282864943,0.691153161953081,0.691153161953081,4.42484663185681,0.6714286566053024,5.523458920524919,3.914021008090819,3.914021008090819,3.914021008090819,0.691153161953081])",1.0
R124,"hair, father, shoulder, agency, social., experts, discuss, ongoing, developments, education.","(10000,[765,1800,3614,4506,4687,4847,5047,6756,7664,9462],[5.117993812416755,3.8187108282864943,0.691153161953081,0.691153161953081,0.691153161953081,4.137164559405029,2.661258039595451,3.3262343431887,4.270695952029551,0.691153161953081])",1.0
R118,"bring, fear, two, system, science, green., note, first., dark, fire, seat., job, nearly, arrive, everybody, police, money, right, director., experts, discuss, ongoing, developments, research.","(10000,[557,697,1268,1790,2561,2866,3057,3363,3614,3756,3876,3996,4506,4687,4728,5191,6103,7016,7066,7391,8408,9462,9513,9909],[4.607168188650764,4.270695952029551,4.607168188650764,5.117993812416755,4.019381523748645,3.914021008090819,4.270695952029551,4.270695952029551,0.691153161953081,4.607168188650764,4.270695952029551,4.137164559405029,0.691153161953081,0.691153161953081,3.7316994512968646,4.137164559405029,4.830311739964974,4.607168188650764,2.849310271098391,4.137164559405029,4.270695952029551,0.691153161953081,3.914021008090819,4.830311739964974])",1.0
F001,"debate, party, consumer, somebody, member, country., strategy, several, structure, get, relate, standard, region., toward, reach, window, happen, drug, eat., meet, vote, become., —, shocking, claims, aliens, surface, internet.","(10000,[503,613,650,988,1379,2291,2403,2406,2967,2996,3089,3194,4704,5850,6790,7281,7860,7936,8276,8338,8386,9062,9214,9227,9426,9475,9714,9940],[0.691153161953081,3.914021008090819,2.958509563063383,3.914021008090819,3.914021008090819,4.019381523748645,4.42484663185681,4.830311739964974,4.607168188650764,3.5085558999826545,4.830311739964974,3.577548771469606,4.019381523748645,0.691153161953081,4.607168188650764,0.6714286566053024,2.997730276216664,0.691153161953081,3.914021008090819,0.691153161953081,4.830311739964974,5.523458920524919,4.270695952029551,4.42484663185681,4.270695952029551,4.137164559405029,5.117993812416755,4.137164559405029])",0.0
F007,"player, teacher, produce, foot, nature., medical, agreement, hospital, family., treat, everyone, north., —, shocking, claims, immortal, jellyfish, surface, internet.","(10000,[503,1648,2066,2802,4930,5850,6604,7281,7890,7936,8033,8268,8338,8346,8413,8708,8750,8893,9876],[0.691153161953081,3.914021008090819,2.7508701982851385,5.117993812416755,3.914021008090819,0.691153161953081,4.607168188650764,0.6714286566053024,4.270695952029551,0.691153161953081,4.830311739964974,3.7316994512968646,0.691153161953081,5.117993812416755,4.270695952029551,4.270695952029551,4.42484663185681,4.019381523748645,2.7508701982851385])",0.0
F046,"responsibility, science, head., wind, program, cold, major., inside, woman, small, national, politics, girl, get., —, shocking, claims, mind, control, surface, internet.","(10000,[222,503,573,1029,1208,2147,2558,3184,3363,3502,3593,3920,4563,5850,5887,7281,7910,7936,8338,9066,9829],[4.137164559405029,0.691153161953081,5.117993812416755,3.914021008090819,2.7826188965997183,4.830311739964974,4.270695952029551,2.920769235080536,4.270695952029551,4.019381523748645,5.523458920524919,4.019381523748645,4.42484663185681,0.691153161953081,4.137164559405029,0.6714286566053024,4.137164559405029,0.691153161953081,0.691153161953081,3.914021008090819,4.830311739964974])",0.0
R103,"shake, election, way, drop, condition, new, wife., chair, daughter, everything, animal., experts, discuss, ongoing, developments, research.","(10000,[132,585,681,2180,3614,4506,4687,5328,5399,7066,7623,7721,8577,9156,9391,9462],[3.8187108282864943,3.7316994512968646,4.607168188650764,4.42484663185681,0.691153161953081,0.691153161953081,0.691153161953081,3.6516567436233283,4.607168188650764,2.849310271098391,4.137164559405029,4.137164559405029,4.270695952029551,3.914021008090819,3.914021008090819,0.691153161953081])",1.0
R037,"move, treat, teacher, one., energy, better, article, energy, director, tough., send, friend, actually, open, course, light, edge., simple, enjoy, leader, able, cut, nor., experts, discuss, ongoing, developments, budget, report.","(10000,[488,1206,1526,1702,1720,1805,1853,2466,2543,2913,3496,3614,3652,4506,4687,4991,5432,5523,5783,6282,6447,7036,8307,8439,8708,8750,8859,9462],[3.7316994512968646,4.019381523748645,4.830311739964974,3.7316994512968646,4.137164559405029,4.270695952029551,4.42484663185681,5.117993812416755,3.8187108282864943,3.383392757028649,4.137164559405029,0.691153161953081,4.019381523748645,0.691153161953081,0.691153161953081,2.6330871626287546,2.6902455764687034,4.270695952029551,4.137164559405029,4.019381523748645,4.137164559405029,5.117993812416755,8.274329118810059,4.830311739964974,4.270695952029551,4.42484663185681,4.830311739964974,0.691153161953081])",1.0
F193,"improve, industry, general, describe, wind., —, shocking, claims, secret, cure, surface, internet.","(10000,[503,1978,2408,3010,3892,5465,5850,6747,7085,7281,7936,8338],[0.691153161953081,4.830311739964974,4.42484663185681,4.137164559405029,2.5530444549552183,3.8187108282864943,0.691153161953081,2.5530444549552183,4.270695952029551,0.6714286566053024,0.691153161953081,0.691153161953081])",0.0
R166,"side, law, little, thought., camera, newspaper, wind, performance, continue, could., land, strong, eat, would., experts, discuss, ongoing, developments, election.","(10000,[743,1410,1590,1650,2558,3238,3556,3614,3979,4461,4506,4687,6355,7148,7276,7876,9351,9462,9781],[3.914021008090819,5.523458920524919,3.914021008090819,4.137164559405029,4.270695952029551,3.914021008090819,2.7826188965997183,0.691153161953081,4.019381523748645,4.607168188650764,0.691153161953081,0.691153161953081,4.137164559405029,4.270695952029551,4.42484663185681,5.523458920524919,4.270695952029551,0.691153161953081,4.019381523748645])",1.0
F017,"thought, image, scientist, upon, land, poor., protect, although, whether, modern., station, stand, hand, low, live, expect, address., already, political, western, draw, late, never., —, shocking, claims, immortal, jellyfish, surface, internet.","(10000,[55,78,493,503,524,594,1259,2066,2613,3079,3406,3423,3691,3935,5303,5850,6226,6735,6886,7040,7148,7235,7281,7779,7936,8167,8338,8411,8415,9876],[3.8187108282864943,5.523458920524919,4.137164559405029,0.691153161953081,3.577548771469606,4.137164559405029,3.6516567436233283,2.7508701982851385,4.830311739964974,3.5085558999826545,4.137164559405029,4.019381523748645,4.137164559405029,3.6516567436233283,3.914021008090819,0.691153161953081,4.270695952029551,4.270695952029551,4.137164559405029,5.523458920524919,4.270695952029551,3.914021008090819,0.6714286566053024,4.019381523748645,0.691153161953081,4.137164559405029,0.691153161953081,3.7316994512968646,4.270695952029551,2.7508701982851385])",0.0
R008,"economic, alone, figure, animal, address., speech, everybody, image, lose., central, financial, response, individual, surface, any., experts, discuss, ongoing, developments, economic, growth.","(10000,[502,1259,2445,2492,2561,3614,4110,4506,4687,5017,5303,5547,7281,7360,7407,8614,8928,9034,9144,9462],[4.830311739964974,3.6516567436233283,4.137164559405029,3.7316994512968646,4.019381523748645,0.691153161953081,4.607168188650764,0.691153161953081,0.691153161953081,5.523458920524919,3.914021008090819,5.523458920524919,0.6714286566053024,4.019381523748645,3.7316994512968646,4.019381523748645,4.270695952029551,2.8154087194227095,5.565237793199437,0.691153161953081])",1.0
F071,"get, staff, direction, many, firm, great., table, special, interest, until., —, shocking, claims, celebrity, scandal, surface, internet.","(10000,[70,503,1055,3486,3931,4430,4921,5188,5850,6224,6591,7281,7936,8338,8554,8894,9426],[3.8187108282864943,0.691153161953081,3.7316994512968646,2.849310271098391,3.8187108282864943,5.117993812416755,2.849310271098391,4.42484663185681,0.691153161953081,4.019381523748645,5.523458920524919,0.6714286566053024,0.691153161953081,0.691153161953081,4.270695952029551,4.019381523748645,4.270695952029551])",0.0
F028,"reason, think, heart, town, seek, data, teach., kind, future, lay, couple., probably., —, shocking, claims, mind, control, surface, internet.","(10000,[171,503,708,1208,1695,2335,2944,3184,4475,4715,5415,5459,5850,6044,6488,7281,7936,8338,9808],[4.270695952029551,0.691153161953081,5.523458920524919,2.7826188965997183,4.270695952029551,3.6516567436233283,4.137164559405029,2.920769235080536,4.270695952029551,4.830311739964974,5.523458920524919,5.117993812416755,0.691153161953081,4.42484663185681,4.42484663185681,0.6714286566053024,0.691153161953081,0.691153161953081,3.7316994512968646])",0.0
F227,"institution, far, thought, popular, professor., behind, way, continue, simple, international, role., defense, lawyer, physical, recognize, indeed., condition, smile, song, win, inside., —, shocking, claims, immortal, jellyfish, surface, internet.","(10000,[55,188,503,743,1996,2066,2398,2713,2913,3180,3243,3543,4158,4346,5328,5465,5850,6148,7281,7350,7936,8171,8338,8649,9021,9391,9876,9974],[3.8187108282864943,4.42484663185681,0.691153161953081,3.914021008090819,5.523458920524919,2.7508701982851385,4.137164559405029,4.137164559405029,3.383392757028649,5.523458920524919,4.270695952029551,3.914021008090819,4.137164559405029,4.137164559405029,3.6516567436233283,3.8187108282864943,0.691153161953081,4.270695952029551,0.6714286566053024,4.019381523748645,0.691153161953081,3.914021008090819,0.691153161953081,4.019381523748645,4.019381523748645,3.914021008090819,2.7508701982851385,5.117993812416755])",0.0
R200,"resource, international, week, option., experts, discuss, ongoing, developments, public, health.","(10000,[188,1670,1770,3614,4506,4687,5122,6219,8569,9462],[4.42484663185681,4.270695952029551,2.920769235080536,0.691153161953081,0.691153161953081,0.691153161953081,3.6516567436233283,3.125563647726549,5.117993812416755,0.691153161953081])",1.0
R225,"conference, follow, enter, officer, next, body, fund, draw., debate, near, inside, manager., class, foreign, second, series., experts, discuss, ongoing, developments, climate, change.","(10000,[696,821,841,2059,3614,3759,4007,4506,4638,4687,5657,5974,6206,7161,7435,8273,8276,8667,9066,9256,9367,9462],[4.42484663185681,2.849310271098391,4.607168188650764,2.661258039595451,0.691153161953081,4.607168188650764,4.607168188650764,0.691153161953081,3.5085558999826545,0.691153161953081,4.42484663185681,4.137164559405029,4.019381523748645,5.117993812416755,3.8187108282864943,4.42484663185681,3.914021008090819,5.117993812416755,3.914021008090819,4.830311739964974,4.607168188650764,0.691153161953081])",1.0
R062,"say, court, shoulder, six, federal, possible, that., student, lay, head, performance, note, argue, media, hotel., success, plant, paper, weight, simply., experts, discuss, ongoing, developments, budget, report.","(10000,[633,816,1064,1209,3536,3614,3730,4475,4506,4568,4687,4991,5169,5401,5432,5862,6100,6508,6756,7244,8004,8690,9351,9462,9828,9909],[4.270695952029551,4.830311739964974,4.42484663185681,5.117993812416755,4.137164559405029,0.691153161953081,4.019381523748645,4.270695952029551,0.691153161953081,4.270695952029551,0.691153161953081,2.6330871626287546,5.117993812416755,3.8187108282864943,2.6902455764687034,4.137164559405029,4.137164559405029,5.117993812416755,3.3262343431887,3.6516567436233283,4.42484663185681,3.8187108282864943,4.270695952029551,0.691153161953081,3.8187108282864943,4.830311739964974])",1.0
F033,"political, main, country, ability, ok, time, environment., near, protect, challenge, organization., business, pm, hot, foreign., —, shocking, claims, hoax, surface, internet.","(10000,[503,1637,2645,3681,3822,3935,4377,5089,5374,5850,5935,5974,7026,7235,7281,7870,7936,8157,8270,8338,9693],[0.691153161953081,4.607168188650764,4.137164559405029,3.914021008090819,4.830311739964974,3.6516567436233283,2.60568818844064,3.914021008090819,4.830311739964974,0.691153161953081,3.914021008090819,4.137164559405029,3.914021008090819,3.914021008090819,0.6714286566053024,4.270695952029551,0.691153161953081,4.019381523748645,4.830311739964974,0.691153161953081,4.270695952029551])",0.0
F012,"religious, pattern, represent, task., wind, feel, left., late, financial, bit, staff., —, shocking, claims, hoax, surface, internet.","(10000,[503,617,1989,2558,3079,3115,4293,4377,5134,5850,7034,7281,7407,7936,8338,8717,9073],[0.691153161953081,3.7316994512968646,4.137164559405029,4.270695952029551,3.5085558999826545,4.607168188650764,4.270695952029551,2.60568818844064,5.523458920524919,0.691153161953081,4.830311739964974,0.6714286566053024,3.7316994512968646,0.691153161953081,0.691153161953081,4.019381523748645,5.117993812416755])",0.0
R121,"evidence, push, indicate, together, stuff., fine, nearly, pass., experts, discuss, ongoing, developments, research.","(10000,[2054,2825,2866,3614,4506,4687,5978,6431,6485,7066,8171,8312,9462],[4.137164559405029,5.117993812416755,3.914021008090819,0.691153161953081,0.691153161953081,0.691153161953081,4.830311739964974,4.270695952029551,4.019381523748645,2.849310271098391,3.914021008090819,4.607168188650764,0.691153161953081])",1.0
F210,"adult, figure, create, entire, everyone, drive, team., blue, wall, southern, car, general, better, stuff, quite., paper, consumer, several, realize, father, service, evidence., —, shocking, claims, aliens, surface, internet.","(10000,[72,503,650,1404,1582,1800,2252,2543,3674,3743,4110,5465,5768,5850,6021,6325,6404,7281,7722,7936,8338,8690,8824,8878,8893,9227,9475,9588],[3.914021008090819,0.691153161953081,2.958509563063383,4.019381523748645,4.137164559405029,3.8187108282864943,4.830311739964974,3.8187108282864943,4.019381523748645,4.270695952029551,4.607168188650764,3.8187108282864943,3.914021008090819,0.691153161953081,4.270695952029551,4.830311739964974,4.270695952029551,0.6714286566053024,4.270695952029551,0.691153161953081,0.691153161953081,3.8187108282864943,4.830311739964974,4.830311739964974,4.019381523748645,4.42484663185681,4.137164559405029,5.117993812416755])",0.0
F151,"common, minute, three, stand, democratic, why., —, shocking, claims, hoax, surface, internet.","(10000,[503,3357,4377,5606,5850,5925,6332,6740,6886,7281,7936,8338],[0.691153161953081,3.914021008090819,2.60568818844064,3.6516567436233283,0.691153161953081,3.7316994512968646,4.42484663185681,4.830311739964974,4.137164559405029,0.6714286566053024,0.691153161953081,0.691153161953081])",0.0
F099,"general, open, blood, gun, government., year, billion, adult, mission, million, network, notice, likely., —, shocking, claims, secret, cure, surface, internet.","(10000,[72,258,503,1525,2359,3892,5465,5710,5783,5850,6069,6747,7281,7936,8113,8313,8338,8651,8899,9152],[3.914021008090819,4.019381523748645,0.691153161953081,4.019381523748645,4.270695952029551,2.5530444549552183,3.8187108282864943,5.523458920524919,4.137164559405029,0.691153161953081,4.019381523748645,2.5530444549552183,0.6714286566053024,0.691153161953081,5.523458920524919,4.830311739964974,0.691153161953081,3.914021008090819,4.830311739964974,4.607168188650764])",0.0
R090,"language, action, understand., system, standard, financial, quality., however, window, say, job, require, close, indicate, simple., pm, away, attorney, feel., experts, discuss, ongoing, developments, technology, breakthrough.","(10000,[557,911,1020,1716,2227,2403,2589,2967,3497,3614,3737,3996,4506,4687,4805,4853,5862,6485,6633,7026,7407,8413,8449,9462,9682],[4.607168188650764,4.42484663185681,2.6330871626287546,4.137164559405029,2.7200985396183848,4.42484663185681,4.019381523748645,4.607168188650764,4.019381523748645,0.691153161953081,3.7316994512968646,4.137164559405029,0.691153161953081,0.691153161953081,5.117993812416755,4.607168188650764,4.137164559405029,4.019381523748645,5.117993812416755,3.914021008090819,3.7316994512968646,4.270695952029551,4.019381523748645,0.691153161953081,5.117993812416755])",1.0
R125,"among, yeah, man, listen, deep, front, ever., level, front, building, nature., experts, discuss, ongoing, developments, budget, report.","(10000,[429,504,1499,1762,2569,3249,3614,4506,4687,4991,5432,5852,7362,8346,8404,9462],[4.42484663185681,9.214336377301528,4.830311739964974,4.019381523748645,3.5085558999826545,3.5085558999826545,0.691153161953081,0.691153161953081,0.691153161953081,2.6330871626287546,2.6902455764687034,4.830311739964974,4.019381523748645,5.117993812416755,5.117993812416755,0.691153161953081])",1.0
R091,"finally, successful, ten, eat, physical, fill, fast., friend, dog, behavior, suddenly, cause, paper, culture, find., adult, wonder, past., experts, discuss, ongoing, developments, climate, change.","(10000,[72,316,488,735,821,1817,2059,3308,3614,4506,4687,4723,4831,5085,5659,7276,7359,8581,8645,8649,8690,9462,9564,9727],[3.914021008090819,4.42484663185681,3.7316994512968646,4.137164559405029,2.849310271098391,3.8187108282864943,2.661258039595451,4.42484663185681,0.691153161953081,0.691153161953081,0.691153161953081,4.137164559405029,5.523458920524919,3.914021008090819,4.270695952029551,4.42484663185681,5.117993812416755,4.270695952029551,3.8187108282864943,4.019381523748645,3.8187108282864943,0.691153161953081,4.137164559405029,3.8187108282864943])",1.0
R157,"radio, sea, senior., across, difficult, far, ago., experts, discuss, ongoing, developments, climate, change.","(10000,[821,1712,2059,3614,4158,4506,4687,7074,7939,8438,9086,9462,9617],[2.849310271098391,4.019381523748645,2.661258039595451,0.691153161953081,4.137164559405029,0.691153161953081,0.691153161953081,3.914021008090819,4.270695952029551,5.117993812416755,5.117993812416755,0.691153161953081,4.137164559405029])",1.0
F098,"group, million, impact, federal, heart, last., affect, nothing, assume, establish, give, everyone, yourself., —, shocking, claims, miracle, drug, surface, internet.","(10000,[503,633,1256,1972,2664,2923,3039,3783,4292,5850,6055,7281,7321,7766,7860,7936,8338,8651,8893,9808],[0.691153161953081,4.270695952029551,3.125563647726549,4.42484663185681,4.607168188650764,4.607168188650764,5.523458920524919,3.6516567436233283,4.270695952029551,0.691153161953081,4.270695952029551,0.6714286566053024,5.117993812416755,3.914021008090819,2.997730276216664,0.691153161953081,0.691153161953081,3.914021008090819,4.019381523748645,3.7316994512968646])",0.0
F164,"degree, father, increase, skin., check, level, party, purpose., —, shocking, claims, immortal, jellyfish, surface, internet.","(10000,[503,1379,1499,1800,2066,2706,3901,5850,7281,7936,7963,8338,8734,9876,9943],[0.691153161953081,3.914021008090819,4.830311739964974,3.8187108282864943,2.7508701982851385,5.117993812416755,4.137164559405029,0.691153161953081,0.6714286566053024,0.691153161953081,3.8187108282864943,0.691153161953081,4.607168188650764,2.7508701982851385,4.137164559405029])",0.0
R050,"cut, else, guess, mention, ahead, catch, assume., ask, deep, over., experts, discuss, ongoing, developments, economic, growth.","(10000,[1206,1762,2907,3507,3614,4202,4506,4687,5034,7949,8268,8550,8660,9034,9144,9462],[4.019381523748645,4.019381523748645,4.270695952029551,4.42484663185681,0.691153161953081,5.523458920524919,0.691153161953081,0.691153161953081,4.270695952029551,3.8187108282864943,3.7316994512968646,5.523458920524919,4.137164559405029,2.8154087194227095,2.7826188965997183,0.691153161953081])",1.0
R249,"matter, week, think, knowledge, we., church, stage, door., attack, safe, present., experts, discuss, ongoing, developments, climate, change.","(10000,[30,821,1273,2059,2335,2402,2412,3614,3816,4506,4687,5122,5693,6609,7642,7864,9462],[4.019381523748645,2.849310271098391,3.914021008090819,2.661258039595451,3.6516567436233283,3.8187108282864943,5.523458920524919,0.691153161953081,5.523458920524919,0.691153161953081,0.691153161953081,3.6516567436233283,4.270695952029551,5.117993812416755,4.607168188650764,4.019381523748645,0.691153161953081])",1.0
R093,"leave, wait., image, begin, boy, indicate, offer, paper., experts, discuss, ongoing, developments, election.","(10000,[157,1513,2913,2958,3556,3614,4506,4687,5303,6063,6485,9462,9766],[3.6516567436233283,4.42484663185681,3.383392757028649,4.270695952029551,2.7826188965997183,0.691153161953081,0.691153161953081,0.691153161953081,3.914021008090819,4.42484663185681,4.019381523748645,0.691153161953081,5.117993812416755])",1.0
R131,"sure, financial, value, development., realize, language, get, understand, open., season, hope, lot, option, industry., experts, discuss, ongoing, developments, education.","(10000,[662,913,1582,1716,1821,2358,3614,4506,4687,4943,5047,6000,6487,7381,7403,7407,9426,9462,9613],[5.117993812416755,5.523458920524919,4.137164559405029,4.137164559405029,4.137164559405029,4.270695952029551,0.691153161953081,0.691153161953081,0.691153161953081,4.019381523748645,2.661258039595451,4.270695952029551,3.5085558999826545,5.523458920524919,4.42484663185681,3.7316994512968646,4.270695952029551,0.691153161953081,4.137164559405029])",1.0
F107,"enter, add, shoulder., save, song, prevent, marriage, say, forget., —, shocking, claims, flat, earth, surface, internet.","(10000,[497,503,2918,3252,3740,4520,5850,5862,6229,7281,7350,7435,7936,8338,9676,9887],[5.117993812416755,0.691153161953081,3.0385522707369192,4.137164559405029,5.523458920524919,4.137164559405029,0.691153161953081,4.137164559405029,4.137164559405029,0.6714286566053024,4.019381523748645,3.8187108282864943,0.691153161953081,0.691153161953081,3.0385522707369192,3.914021008090819])",0.0
F153,"executive, rate, military, people, clear, manage., organization, staff, say, able, main, someone, thousand, agreement., much, southern, according, run, sit, stage, born, place., —, shocking, claims, hoax, surface, internet.","(10000,[30,253,266,503,524,1364,1611,1637,2483,3496,3671,3743,4131,4263,4377,5850,5862,5877,6224,6798,6946,7281,7564,7936,8338,9545,9892,9966],[4.019381523748645,4.42484663185681,4.270695952029551,0.691153161953081,3.577548771469606,4.42484663185681,4.607168188650764,4.607168188650764,5.523458920524919,4.137164559405029,5.117993812416755,4.270695952029551,5.523458920524919,4.42484663185681,2.60568818844064,0.691153161953081,4.137164559405029,4.607168188650764,4.019381523748645,4.270695952029551,3.6516567436233283,0.6714286566053024,3.7316994512968646,0.691153161953081,0.691153161953081,5.523458920524919,4.607168188650764,4.270695952029551])",0.0
F091,"still, rather, century., far, example, color, nature, reduce., —, shocking, claims, flat, earth, surface, internet.","(10000,[503,2788,2837,2918,3611,3712,4158,5850,6077,7281,7936,8338,9606,9676,9832],[0.691153161953081,5.117993812416755,4.607168188650764,3.0385522707369192,4.137164559405029,4.42484663185681,4.137164559405029,0.691153161953081,4.830311739964974,0.6714286566053024,0.691153161953081,0.691153161953081,4.270695952029551,3.0385522707369192,3.914021008090819])",0.0
R246,"ask, sell, newspaper, indeed, foot, theory, man., mission, approach, argue, sound, site, talk, serve., spring, statement, team, language, western, play., party, concern, poor, bit, both., experts, discuss, ongoing, developments, economic, growth.","(10000,[468,524,1379,1468,1644,1716,1968,1989,3095,3238,3507,3614,3730,4046,4485,4506,4517,4687,4934,5891,6069,6166,7160,7890,8103,8506,8925,9034,9144,9462,9817],[4.42484663185681,3.577548771469606,3.914021008090819,4.019381523748645,3.7316994512968646,4.137164559405029,3.914021008090819,4.137164559405029,4.607168188650764,3.914021008090819,4.42484663185681,0.691153161953081,4.019381523748645,5.523458920524919,5.117993812416755,0.691153161953081,4.830311739964974,0.691153161953081,4.019381523748645,4.270695952029551,4.019381523748645,4.607168188650764,5.117993812416755,4.270695952029551,4.137164559405029,4.830311739964974,4.270695952029551,2.8154087194227095,2.7826188965997183,0.691153161953081,4.42484663185681])",1.0
F004,"officer, way, phone, light, act, collection., street, brother, marriage., soon, population, admit., —, shocking, claims, secret, cure, surface, internet.","(10000,[291,503,696,1041,1344,1626,1720,3652,3684,3761,3892,5850,6747,6928,7281,7936,8338,9258,9391],[4.42484663185681,0.691153161953081,4.42484663185681,4.42484663185681,4.830311739964974,4.137164559405029,4.137164559405029,4.019381523748645,3.914021008090819,4.607168188650764,2.5530444549552183,0.691153161953081,2.5530444549552183,3.8187108282864943,0.6714286566053024,0.691153161953081,0.691153161953081,3.7316994512968646,3.914021008090819])",0.0
F220,"candidate, major, prevent, partner., fish, often, despite, admit., market, car, instead, little, watch, land., —, shocking, claims, celebrity, scandal, surface, internet.","(10000,[7,503,1058,1301,1376,1590,2657,2708,3252,3486,3674,3761,4358,4527,4590,4921,5850,7281,7936,8338,9123],[4.270695952029551,0.691153161953081,4.42484663185681,3.7316994512968646,4.270695952029551,3.914021008090819,3.8187108282864943,3.914021008090819,4.137164559405029,2.849310271098391,4.019381523748645,4.607168188650764,3.8187108282864943,4.270695952029551,5.523458920524919,2.849310271098391,0.691153161953081,0.6714286566053024,0.691153161953081,0.691153161953081,5.523458920524919])",0.0
F121,"administration, reason, surface, wall, guess, price., trip, institution, measure, public., go, daughter, natural., —, shocking, claims, hoax, surface, internet.","(10000,[26,503,528,2944,3243,4237,4377,5185,5782,5850,6404,6451,7281,7623,7936,8338,8366,8660],[4.607168188650764,0.691153161953081,3.8187108282864943,4.137164559405029,4.270695952029551,4.607168188650764,2.60568818844064,3.8187108282864943,4.42484663185681,0.691153161953081,4.270695952029551,3.383392757028649,1.3428573132106048,4.137164559405029,0.691153161953081,0.691153161953081,5.117993812416755,4.137164559405029])",0.0
F245,"wait, fund, report., real, woman, upon., —, shocking, claims, mind, control, surface, internet.","(10000,[503,1208,3184,4563,4638,5087,5432,5477,5850,7281,7936,8338,9691],[0.691153161953081,2.7826188965997183,2.920769235080536,4.42484663185681,3.5085558999826545,5.523458920524919,2.6902455764687034,4.270695952029551,0.691153161953081,0.6714286566053024,0.691153161953081,0.691153161953081,3.914021008090819])",0.0
R035,"mother, food, data, true, sport, plan, report., single, oil, tree, cup., interview, old, music, hundred, face., whole, section, thought., experts, discuss, ongoing, developments, climate, change.","(10000,[354,627,821,1695,2059,3614,4461,4506,4687,5175,5432,5871,6035,6123,6370,6968,7083,7188,7889,8278,8653,9297,9300,9462],[4.607168188650764,4.607168188650764,2.849310271098391,4.270695952029551,2.661258039595451,0.691153161953081,4.607168188650764,0.691153161953081,0.691153161953081,4.830311739964974,2.6902455764687034,4.270695952029551,7.155097542939212,4.137164559405029,4.019381523748645,4.019381523748645,4.137164559405029,4.019381523748645,4.607168188650764,4.42484663185681,4.019381523748645,4.830311739964974,4.830311739964974,0.691153161953081])",1.0
R024,"north, million, pay, school, determine, must, occur., kitchen, machine, no., experts, discuss, ongoing, developments, education.","(10000,[756,1023,1778,2470,2516,2679,3614,4506,4687,4897,5047,7734,8040,8651,9462],[4.270695952029551,4.270695952029551,4.270695952029551,5.117993812416755,5.117993812416755,4.607168188650764,0.691153161953081,0.691153161953081,0.691153161953081,4.830311739964974,2.661258039595451,4.42484663185681,3.577548771469606,3.914021008090819,0.691153161953081])",1.0
F079,"fly, require, everyone, inside., environment, among, build, agent, community, home., —, shocking, claims, miracle, drug, surface, internet.","(10000,[503,1256,2407,3014,5016,5465,5850,5861,5944,7281,7362,7860,7936,8174,8338,8449,8893],[0.691153161953081,3.125563647726549,4.270695952029551,5.117993812416755,4.137164559405029,3.8187108282864943,0.691153161953081,5.523458920524919,4.137164559405029,0.6714286566053024,4.019381523748645,2.997730276216664,0.691153161953081,4.270695952029551,0.691153161953081,4.019381523748645,4.019381523748645])",0.0
R094,"research, debate, free, support, according, power., finally, tend, believe., expect, heavy, member, field, stay., experts, discuss, ongoing, developments, policy.","(10000,[586,1029,1073,1810,1817,3614,3691,4506,4687,6790,6944,7074,7564,8217,8276,8949,9432,9462,9766],[4.607168188650764,3.914021008090819,3.914021008090819,3.8187108282864943,3.8187108282864943,0.691153161953081,4.137164559405029,0.691153161953081,0.691153161953081,4.607168188650764,2.849310271098391,3.914021008090819,3.7316994512968646,4.137164559405029,3.914021008090819,4.42484663185681,3.914021008090819,0.691153161953081,5.117993812416755])",1.0
R040,"begin, return, tough, sing, may., create, minute, black, see, should., experts, discuss, ongoing, developments, policy.","(10000,[320,635,1404,1513,1948,3357,3614,4506,4687,5354,5447,6451,6572,6944,9462],[4.019381523748645,4.42484663185681,4.019381523748645,4.42484663185681,3.8187108282864943,3.914021008090819,0.691153161953081,0.691153161953081,0.691153161953081,4.137164559405029,3.6516567436233283,3.383392757028649,5.523458920524919,2.849310271098391,0.691153161953081])",1.0
F170,"thought, modern, specific, must., nice, everybody, page, develop, image, believe, wait., decade, member, side, director., —, shocking, claims, immortal, jellyfish, surface, internet.","(10000,[55,503,533,1241,2059,2066,2336,2561,2827,3370,3739,5303,5850,6030,6063,6790,7281,7936,8338,8408,9781,9876],[3.8187108282864943,0.691153161953081,4.42484663185681,3.577548771469606,2.661258039595451,2.7508701982851385,4.42484663185681,4.019381523748645,4.830311739964974,4.137164559405029,4.830311739964974,3.914021008090819,0.691153161953081,4.42484663185681,4.42484663185681,4.607168188650764,0.6714286566053024,0.691153161953081,0.691153161953081,4.270695952029551,4.019381523748645,2.7508701982851385])",0.0
F130,"leg, vote, avoid, task, support, region, field., radio, cup, new, measure, score, fund, including., —, shocking, claims, immortal, jellyfish, surface, internet.","(10000,[503,528,585,1388,1927,2066,3059,3132,4638,5850,6290,7281,7936,8159,8217,8338,8451,8888,9086,9214,9876],[0.691153161953081,3.8187108282864943,3.7316994512968646,4.607168188650764,4.42484663185681,2.7508701982851385,4.270695952029551,5.523458920524919,3.5085558999826545,0.691153161953081,4.607168188650764,0.6714286566053024,0.691153161953081,4.019381523748645,4.137164559405029,0.691153161953081,4.607168188650764,4.830311739964974,5.117993812416755,4.270695952029551,2.7508701982851385])",0.0
R085,"scientist, fund, yard, source, bring., almost, decide, game, get, difference, the., experts, discuss, ongoing, developments, economic, growth.","(10000,[424,1766,2260,3614,4506,4638,4687,6226,7721,7866,8293,8566,8975,9034,9144,9426,9462],[4.137164559405029,5.523458920524919,4.607168188650764,0.691153161953081,0.691153161953081,3.5085558999826545,0.691153161953081,4.270695952029551,4.137164559405029,4.42484663185681,4.42484663185681,4.137164559405029,4.607168188650764,2.8154087194227095,2.7826188965997183,4.270695952029551,0.691153161953081])",1.0
R054,"improve, source, knowledge, receive., garden, language, past, voice, adult, professional., alone, condition, nice, job., experts, discuss, ongoing, developments, budget, report.","(10000,[72,1716,2408,2492,2636,2687,3370,3530,3614,4506,4687,4991,5328,5432,5936,7691,7721,7864,9275,9462],[3.914021008090819,4.137164559405029,4.42484663185681,3.7316994512968646,5.523458920524919,5.117993812416755,4.137164559405029,4.607168188650764,0.691153161953081,0.691153161953081,0.691153161953081,2.6330871626287546,3.6516567436233283,2.6902455764687034,4.019381523748645,5.523458920524919,4.137164559405029,4.019381523748645,4.137164559405029,0.691153161953081])",1.0
R047,"thus, security, television, teach, open, outside., guess, prevent, traditional, position., lay, poor, anything, hour, eye., experts, discuss, ongoing, developments, technology, breakthrough.","(10000,[527,1020,1819,2114,2227,2600,2634,3252,3614,4475,4486,4506,4687,5684,5783,7954,8103,8522,8660,8713,9462],[4.137164559405029,2.6330871626287546,5.523458920524919,4.607168188650764,2.7200985396183848,5.117993812416755,4.270695952029551,4.137164559405029,0.691153161953081,4.270695952029551,3.914021008090819,0.691153161953081,0.691153161953081,4.607168188650764,4.137164559405029,5.117993812416755,4.137164559405029,4.019381523748645,4.137164559405029,4.137164559405029,0.691153161953081])",1.0
R199,"practice, speak, agree, despite, appear, certainly, reflect, least., force, development, anyone, author, throw, reflect, real., give, discuss, recent, skin, weight., experts, discuss, ongoing, developments, economic, growth.","(10000,[288,391,666,673,1301,2871,3163,3614,3783,4280,4506,4687,4732,5321,5591,5833,5963,6925,8182,8325,9034,9144,9350,9462],[4.607168188650764,3.4440173788450834,3.914021008090819,4.137164559405029,3.7316994512968646,4.137164559405029,4.607168188650764,1.382306323906162,3.6516567436233283,4.137164559405029,0.691153161953081,0.691153161953081,4.830311739964974,8.03876304749729,4.607168188650764,4.42484663185681,4.830311739964974,4.42484663185681,4.270695952029551,4.270695952029551,2.8154087194227095,2.7826188965997183,4.42484663185681,0.691153161953081])",1.0
F062,"truth, debate, executive., say, section, yard, heart, building, moment., —, shocking, claims, miracle, drug, surface, internet.","(10000,[424,503,751,1256,2069,4096,5850,5852,5862,6968,7281,7860,7936,8276,8338,9808],[4.137164559405029,0.691153161953081,4.830311739964974,3.125563647726549,3.914021008090819,5.523458920524919,0.691153161953081,4.830311739964974,4.137164559405029,4.019381523748645,0.6714286566053024,2.997730276216664,0.691153161953081,3.914021008090819,0.691153161953081,3.7316994512968646])",0.0
R244,"interest, success, information, worry., brother, similar, onto, responsibility, successful, still, section., agent, blood, attention, serious., experts, discuss, ongoing, developments, technology, breakthrough.","(10000,[70,291,1020,1133,1439,2227,2359,3144,3502,3614,3712,4319,4506,4687,5016,5659,7046,8190,9231,9462,9828],[3.8187108282864943,4.42484663185681,2.6330871626287546,4.830311739964974,3.5085558999826545,2.7200985396183848,4.270695952029551,3.8187108282864943,4.019381523748645,0.691153161953081,4.42484663185681,3.5085558999826545,0.691153161953081,0.691153161953081,4.137164559405029,4.270695952029551,4.607168188650764,3.914021008090819,4.830311739964974,0.691153161953081,3.8187108282864943])",1.0
R107,"discover, light, yes., though, help, address, represent, school, state, record., either, direction, east, week, player, really, history., eye, agreement, also, matter, spring, actually., experts, discuss, ongoing, developments, election.","(10000,[924,1341,1644,1720,1808,2402,2601,2679,3385,3556,3614,3792,3888,4112,4170,4454,4506,4687,5122,6576,6604,7424,8413,8554,8717,9126,9347,9462],[4.42484663185681,3.914021008090819,3.7316994512968646,4.137164559405029,4.019381523748645,3.8187108282864943,4.607168188650764,4.607168188650764,4.42484663185681,2.7826188965997183,0.691153161953081,3.577548771469606,4.607168188650764,4.137164559405029,4.019381523748645,4.607168188650764,0.691153161953081,0.691153161953081,3.6516567436233283,3.7316994512968646,4.607168188650764,4.830311739964974,4.270695952029551,4.270695952029551,4.019381523748645,4.019381523748645,4.137164559405029,0.691153161953081])",1.0
F148,"trip, value, office, together, information, movement., pass, fall, threat, attention, skill, tell, live., —, shocking, claims, aliens, surface, internet.","(10000,[503,650,1850,2929,3144,3729,4395,5782,5850,7281,7403,7936,8070,8190,8312,8338,8344,8392,9968],[0.691153161953081,2.958509563063383,4.270695952029551,5.117993812416755,3.8187108282864943,4.270695952029551,5.523458920524919,4.42484663185681,0.691153161953081,0.6714286566053024,4.42484663185681,0.691153161953081,4.830311739964974,3.914021008090819,4.607168188650764,0.691153161953081,3.914021008090819,4.607168188650764,3.8187108282864943])",0.0
F023,"fill, along, reason, majority, republican., little, arrive., strategy, also, structure, political., —, shocking, claims, mind, control, surface, internet.","(10000,[503,1208,1590,2291,2603,2840,2944,2996,3184,3792,5842,5850,5966,7281,7936,8338,9244,9727],[0.691153161953081,2.7826188965997183,3.914021008090819,4.019381523748645,5.523458920524919,4.830311739964974,4.137164559405029,3.5085558999826545,2.920769235080536,3.577548771469606,4.830311739964974,0.691153161953081,4.830311739964974,0.6714286566053024,0.691153161953081,0.691153161953081,4.270695952029551,3.8187108282864943])",0.0
R075,"audience, face, data, daughter, possible, effort., laugh, central, loss, phone, future., experts, discuss, ongoing, developments, budget, report.","(10000,[1312,1626,1695,2912,3614,4034,4506,4687,4991,5329,5432,6100,7098,7623,8547,8928,9462],[4.270695952029551,4.137164559405029,4.270695952029551,4.607168188650764,0.691153161953081,5.117993812416755,0.691153161953081,0.691153161953081,2.6330871626287546,4.137164559405029,2.6902455764687034,4.137164559405029,4.830311739964974,4.137164559405029,4.830311739964974,4.270695952029551,0.691153161953081])",1.0
R220,"discussion, explain, season, food, official, heart, computer, describe., rest, thing, include, go, police, remain., ok, think, scene., experts, discuss, ongoing, developments, public, health.","(10000,[1770,2335,2358,2604,2645,2708,2953,3614,3857,3876,4506,4687,5315,5341,6219,6451,7309,8151,8485,8653,9372,9462,9808],[2.920769235080536,3.6516567436233283,4.270695952029551,5.117993812416755,4.137164559405029,3.914021008090819,5.117993812416755,0.691153161953081,5.117993812416755,4.270695952029551,0.691153161953081,0.691153161953081,4.42484663185681,4.607168188650764,3.125563647726549,3.383392757028649,4.830311739964974,4.270695952029551,4.270695952029551,4.019381523748645,5.523458920524919,0.691153161953081,3.7316994512968646])",1.0
R099,"music, study, culture, usually, community., physical, director, color, recently., experts, discuss, ongoing, developments, economic, growth.","(10000,[1031,1853,2990,3614,4224,4506,4687,4959,6370,8645,8649,9034,9144,9462,9832],[5.523458920524919,4.42484663185681,5.523458920524919,0.691153161953081,4.137164559405029,0.691153161953081,0.691153161953081,4.019381523748645,4.019381523748645,3.8187108282864943,4.019381523748645,2.8154087194227095,2.7826188965997183,0.691153161953081,3.914021008090819])",1.0
F066,"well, bill, film, wear., —, shocking, claims, flat, earth, surface, internet.","(10000,[157,503,2918,3529,5003,5850,7281,7936,8135,8338,9676],[3.6516567436233283,0.691153161953081,3.0385522707369192,5.117993812416755,4.607168188650764,0.691153161953081,0.6714286566053024,0.691153161953081,3.914021008090819,0.691153161953081,3.0385522707369192])",0.0
F060,"process, detail, beat, hope, wonder., special, rock, half., nearly, skill, yet, else., —, shocking, claims, flat, earth, surface, internet.","(10000,[503,574,1055,1143,2569,2866,2918,4037,4062,5850,6000,7281,7936,8040,8338,8509,9676,9757,9968],[0.691153161953081,4.42484663185681,3.7316994512968646,3.914021008090819,3.5085558999826545,3.914021008090819,3.0385522707369192,4.019381523748645,4.830311739964974,0.691153161953081,4.270695952029551,0.6714286566053024,0.691153161953081,3.577548771469606,0.691153161953081,5.117993812416755,3.0385522707369192,5.523458920524919,3.8187108282864943])",0.0
F022,"also, human, politics, capital, example., age, republican, woman, provide., week, audience, support, debate, west, effort., return, less, side, degree, house., —, shocking, claims, government, cover-up, surface, internet.","(10000,[503,533,635,1195,1312,1834,2259,2912,3756,3792,4563,4616,5085,5122,5850,5887,6541,7281,7936,8217,8276,8303,8338,8791,9781,9813,9943],[0.691153161953081,4.42484663185681,4.42484663185681,4.137164559405029,4.270695952029551,5.523458920524919,2.849310271098391,4.607168188650764,4.607168188650764,3.577548771469606,4.42484663185681,4.137164559405029,3.914021008090819,3.6516567436233283,0.691153161953081,4.137164559405029,3.8187108282864943,0.6714286566053024,0.691153161953081,4.137164559405029,3.914021008090819,4.607168188650764,0.691153161953081,4.137164559405029,4.019381523748645,2.997730276216664,4.137164559405029])",0.0
F127,"tough, already, likely, turn, many, without., —, shocking, claims, mind, control, surface, internet.","(10000,[309,503,594,1208,3184,3804,3886,5188,5447,5850,7281,7936,8338],[3.8187108282864943,0.691153161953081,4.137164559405029,2.7826188965997183,2.920769235080536,5.523458920524919,3.914021008090819,4.42484663185681,3.6516567436233283,0.691153161953081,0.6714286566053024,0.691153161953081,0.691153161953081])",0.0
R212,"newspaper, yeah, phone, present, various, manager, store, interest., experts, discuss, ongoing, developments, education.","(10000,[1511,1626,1652,3238,3249,3614,4506,4687,5047,6647,7184,8130,9462],[5.117993812416755,4.137164559405029,4.019381523748645,3.914021008090819,3.5085558999826545,0.691153161953081,0.691153161953081,0.691153161953081,2.661258039595451,4.137164559405029,4.137164559405029,4.270695952029551,0.691153161953081])",1.0
F119,"common, mention, spend, almost, south., public, see, democratic, check, everybody, expert., —, shocking, claims, mind, control, surface, internet.","(10000,[353,503,1208,1510,1770,2561,2907,3184,3901,4640,5354,5606,5850,6332,7281,7936,8338,8566],[4.137164559405029,0.691153161953081,2.7826188965997183,5.523458920524919,2.920769235080536,4.019381523748645,4.270695952029551,2.920769235080536,4.137164559405029,4.830311739964974,4.137164559405029,3.6516567436233283,0.691153161953081,4.42484663185681,0.6714286566053024,0.691153161953081,0.691153161953081,4.137164559405029])",0.0
F103,"end, create, check, hard, new, head, standard., enough, always, throughout, conference, organization., —, shocking, claims, hoax, surface, internet.","(10000,[453,503,585,1064,1112,1404,3901,4377,4748,5125,5657,5850,5948,7281,7936,8270,8338,9011],[3.914021008090819,0.691153161953081,3.7316994512968646,4.42484663185681,5.117993812416755,4.019381523748645,4.137164559405029,2.60568818844064,4.270695952029551,4.270695952029551,4.42484663185681,0.691153161953081,4.270695952029551,0.6714286566053024,0.691153161953081,4.830311739964974,0.691153161953081,4.607168188650764])",0.0
F191,"side, development, lawyer, street, doctor, movie, none., father, boy, model., recently, top, share, interesting., —, shocking, claims, mind, control, surface, internet.","(10000,[109,157,503,777,1208,1439,1800,2034,2871,3184,3684,3947,5328,5760,5850,7281,7936,8338,9021,9156,9781],[5.523458920524919,3.6516567436233283,0.691153161953081,4.42484663185681,2.7826188965997183,3.5085558999826545,3.8187108282864943,4.42484663185681,4.137164559405029,2.920769235080536,3.914021008090819,4.607168188650764,3.6516567436233283,5.523458920524919,0.691153161953081,0.6714286566053024,0.691153161953081,0.691153161953081,4.019381523748645,3.914021008090819,4.019381523748645])",0.0
F002,"trade, various, concern, million, soon, matter, ball, purpose., three, where., —, shocking, claims, mind, control, surface, internet.","(10000,[419,503,1041,1208,1968,2402,3184,4522,5850,5925,6647,7281,7492,7936,8338,8651,8734],[4.42484663185681,0.691153161953081,4.42484663185681,2.7826188965997183,3.914021008090819,3.8187108282864943,2.920769235080536,4.830311739964974,0.691153161953081,3.7316994512968646,4.137164559405029,0.6714286566053024,4.137164559405029,0.691153161953081,0.691153161953081,3.914021008090819,4.607168188650764])",0.0
R155,"suffer, happen, control, hit, individual, court, interview, maintain., paper, matter, toward, structure., test, account, however, form, water, newspaper., head, understand, travel, mean, court, fear, major., experts, discuss, ongoing, developments, election.","(10000,[909,911,1064,1208,2402,2589,3194,3556,3614,4506,4568,4687,4704,4737,5392,5621,6035,6135,6475,6487,6586,8252,8614,8681,8690,9187,9462,9513,9829],[4.830311739964974,4.42484663185681,4.42484663185681,2.7826188965997183,3.8187108282864943,4.019381523748645,3.577548771469606,2.7826188965997183,0.691153161953081,0.691153161953081,8.541391904059102,0.691153161953081,4.019381523748645,5.117993812416755,4.830311739964974,4.270695952029551,3.577548771469606,4.019381523748645,4.830311739964974,3.5085558999826545,4.42484663185681,4.137164559405029,4.019381523748645,4.137164559405029,3.8187108282864943,5.523458920524919,0.691153161953081,3.914021008090819,4.830311739964974])",1.0
R006,"leg, sometimes, office, never, human., foreign, picture, big, state, moment, top., since, black, keep, box., response, interest, back, energy., experts, discuss, ongoing, developments, technology, breakthrough.","(10000,[70,281,1020,1808,1948,2227,2445,2481,3048,3401,3614,4506,4687,5779,5869,6083,6206,6287,6290,8344,8391,8430,8774,9462,9594],[3.8187108282864943,4.019381523748645,2.6330871626287546,4.019381523748645,3.8187108282864943,2.7200985396183848,4.137164559405029,4.137164559405029,4.137164559405029,4.270695952029551,0.691153161953081,0.691153161953081,0.691153161953081,5.117993812416755,4.42484663185681,5.117993812416755,4.019381523748645,4.137164559405029,4.607168188650764,3.914021008090819,4.607168188650764,4.42484663185681,5.117993812416755,0.691153161953081,3.7316994512968646])",1.0
F086,"step, cost, last, peace., compare, draw, common, environment, senior., —, shocking, claims, government, cover-up, surface, internet.","(10000,[503,1558,2259,2407,3989,4490,4944,5850,6332,7281,7936,8167,8338,8438,9246,9813],[0.691153161953081,4.137164559405029,2.849310271098391,4.270695952029551,4.270695952029551,4.019381523748645,5.523458920524919,0.691153161953081,4.42484663185681,0.6714286566053024,0.691153161953081,4.137164559405029,0.691153161953081,5.117993812416755,4.137164559405029,2.997730276216664])",0.0
R168,"hot, daughter, garden, throw, entire., put, door, public, base, theory, population, either., experts, discuss, ongoing, developments, election.","(10000,[656,1468,1770,3556,3614,4506,4687,4847,5936,7623,7632,8173,8325,8871,9258,9462,9693],[5.117993812416755,4.019381523748645,2.920769235080536,2.7826188965997183,0.691153161953081,0.691153161953081,0.691153161953081,4.137164559405029,4.019381523748645,4.137164559405029,5.117993812416755,3.6516567436233283,4.270695952029551,4.42484663185681,3.7316994512968646,0.691153161953081,4.270695952029551])",1.0
R077,"west, stand, raise, easy, test, safe., artist, wide, doctor, pm, large, low, maintain., experts, discuss, ongoing, developments, public, health.","(10000,[760,777,1770,2091,2836,3527,3614,4506,4687,5085,6219,6475,6586,6886,7022,7026,8411,8931,9462],[4.42484663185681,4.42484663185681,2.920769235080536,5.523458920524919,4.270695952029551,4.270695952029551,0.691153161953081,0.691153161953081,0.691153161953081,3.914021008090819,3.125563647726549,4.830311739964974,4.42484663185681,4.137164559405029,4.137164559405029,3.914021008090819,3.7316994512968646,5.117993812416755,0.691153161953081])",1.0
F209,"nation, ever, force, focus, movement, responsibility, area, card., item, yeah, sister., ground, occur, heart., —, shocking, claims, hoax, surface, internet.","(10000,[391,503,691,1916,1921,2092,2664,3249,3502,3931,4014,4377,5294,5594,5649,5850,6487,7281,7936,8338],[3.4440173788450834,0.691153161953081,5.117993812416755,4.270695952029551,4.607168188650764,5.117993812416755,4.607168188650764,3.5085558999826545,4.019381523748645,3.8187108282864943,4.270695952029551,2.60568818844064,4.137164559405029,4.830311739964974,4.270695952029551,0.691153161953081,3.5085558999826545,0.6714286566053024,0.691153161953081,0.691153161953081])",0.0
R236,"customer, different, sense, scientist, management, blood, apply, either., bag, response, minute, lawyer, board., experts, discuss, ongoing, developments, public, health.","(10000,[415,1241,1413,1770,2359,2445,3357,3614,4506,4687,5305,5447,6219,6226,6683,7312,7632,9021,9462],[4.42484663185681,3.577548771469606,3.7316994512968646,2.920769235080536,4.270695952029551,4.137164559405029,3.914021008090819,0.691153161953081,0.691153161953081,0.691153161953081,4.830311739964974,3.6516567436233283,3.125563647726549,4.270695952029551,4.830311739964974,4.830311739964974,5.117993812416755,4.019381523748645,0.691153161953081])",1.0
F186,"give, goal, force, team, quite., look, threat, kind, world, industry, itself., —, shocking, claims, aliens, surface, internet.","(10000,[391,468,503,650,2862,3010,3783,5089,5850,6044,7281,7936,8070,8338,8878,9360,9939],[3.4440173788450834,4.42484663185681,0.691153161953081,2.958509563063383,5.117993812416755,4.137164559405029,3.6516567436233283,3.914021008090819,0.691153161953081,4.42484663185681,0.6714286566053024,0.691153161953081,4.830311739964974,0.691153161953081,4.830311739964974,4.42484663185681,4.019381523748645])",0.0
R243,"voice, home, doctor., lead, also, shoulder, avoid., drop, happy, financial, third, think., experts, discuss, ongoing, developments, public, health.","(10000,[1175,1770,1948,3365,3530,3614,3792,4506,4687,5347,5356,6219,6756,7229,7407,8577,8771,9462],[5.117993812416755,2.920769235080536,3.8187108282864943,4.270695952029551,4.607168188650764,0.691153161953081,3.577548771469606,0.691153161953081,0.691153161953081,4.830311739964974,4.607168188650764,3.125563647726549,3.3262343431887,4.830311739964974,3.7316994512968646,4.270695952029551,4.270695952029551,0.691153161953081])",1.0
F094,"position, federal, base, size, ok., mrs, example, information, property, building., coach, stock, system., parent, society, management., —, shocking, claims, immortal, jellyfish, surface, internet.","(10000,[327,503,633,793,1339,1815,2066,2278,2733,3192,3514,5553,5850,6358,7281,7936,8173,8190,8338,9606,9751,9876,9932],[3.8187108282864943,0.691153161953081,4.270695952029551,4.42484663185681,4.019381523748645,5.523458920524919,2.7508701982851385,5.117993812416755,4.42484663185681,4.137164559405029,4.607168188650764,5.117993812416755,0.691153161953081,5.117993812416755,0.6714286566053024,0.691153161953081,3.6516567436233283,3.914021008090819,0.691153161953081,4.270695952029551,3.914021008090819,2.7508701982851385,4.137164559405029])",0.0
R032,"possible, deep, continue., experts, discuss, ongoing, developments, economic, growth.","(10000,[1762,3614,4506,4687,6100,6221,9034,9144,9462],[4.019381523748645,0.691153161953081,0.691153161953081,0.691153161953081,4.137164559405029,5.117993812416755,2.8154087194227095,2.7826188965997183,0.691153161953081])",1.0
R033,"require, world, campaign, small, occur., cold, like, behind, good., glass, water, food, series, hour, section, trade., experts, discuss, ongoing, developments, education.","(10000,[222,527,2516,2589,3079,3330,3614,3920,4346,4463,4506,4687,5047,6675,6932,6968,7166,8449,8653,9360,9462],[4.137164559405029,4.137164559405029,5.117993812416755,4.019381523748645,3.5085558999826545,4.019381523748645,0.691153161953081,4.019381523748645,4.137164559405029,4.607168188650764,0.691153161953081,0.691153161953081,2.661258039595451,4.830311739964974,4.830311739964974,4.019381523748645,5.523458920524919,4.019381523748645,4.019381523748645,4.42484663185681,0.691153161953081])",1.0
R045,"beautiful, sea, black, sort., experts, discuss, ongoing, developments, technology, breakthrough.","(10000,[1020,1273,1948,2227,3614,4506,4687,9311,9462,9617],[2.6330871626287546,3.914021008090819,3.8187108282864943,2.7200985396183848,0.691153161953081,0.691153161953081,0.691153161953081,4.830311739964974,0.691153161953081,4.137164559405029])",1.0
R116,"blue, tree, throw., win, conference, send, successful, certain., store, fact, feeling, drive., experts, discuss, ongoing, developments, education.","(10000,[613,2398,3614,4506,4687,5047,5523,5657,5659,5768,5871,7184,7215,9207,9380,9391,9462],[3.914021008090819,4.137164559405029,0.691153161953081,0.691153161953081,0.691153161953081,2.661258039595451,4.270695952029551,4.42484663185681,4.270695952029551,3.914021008090819,4.270695952029551,4.137164559405029,3.914021008090819,5.117993812416755,5.117993812416755,3.914021008090819,0.691153161953081])",1.0
F056,"phone, kitchen, stay, many, international, dog., somebody, issue, matter, opportunity, good., film, easy, price, ability, mention, beautiful, term, beyond., —, shocking, claims, celebrity, scandal, surface, internet.","(10000,[142,188,433,503,756,760,1122,1273,1626,1738,2188,2402,2907,3079,3089,3486,3681,4921,5003,5188,5850,6616,6976,7281,7936,8338],[5.523458920524919,4.42484663185681,4.830311739964974,0.691153161953081,4.270695952029551,4.42484663185681,4.607168188650764,3.914021008090819,4.137164559405029,4.607168188650764,4.270695952029551,3.8187108282864943,4.270695952029551,3.5085558999826545,4.830311739964974,2.849310271098391,3.914021008090819,2.849310271098391,4.607168188650764,4.42484663185681,0.691153161953081,4.019381523748645,4.270695952029551,0.6714286566053024,0.691153161953081,0.691153161953081])",0.0
R043,"american, since, involve, little, debate, her., address, reduce., party, improve, table, little, wait., experts, discuss, ongoing, developments, policy.","(10000,[1379,1590,2408,3614,3931,4454,4506,4687,6063,6077,6271,6287,6944,7652,7748,8276,9462],[3.914021008090819,7.828042016181638,4.42484663185681,0.691153161953081,3.8187108282864943,4.607168188650764,0.691153161953081,0.691153161953081,4.42484663185681,4.830311739964974,4.830311739964974,4.137164559405029,2.849310271098391,4.607168188650764,4.607168188650764,3.914021008090819,0.691153161953081])",1.0
R145,"soon, end, produce, able, just., experts, discuss, ongoing, developments, economic, growth.","(10000,[453,1041,1457,1648,3496,3614,4506,4687,9034,9144,9462],[3.914021008090819,4.42484663185681,5.117993812416755,3.914021008090819,4.137164559405029,0.691153161953081,0.691153161953081,0.691153161953081,2.8154087194227095,2.7826188965997183,0.691153161953081])",1.0
F200,"great, cost, image, area, enter, rock., economic, four, require, story, good., —, shocking, claims, secret, cure, surface, internet.","(10000,[503,750,1243,3079,3892,4490,5303,5649,5850,6747,6855,7281,7435,7936,8338,8449,9144,9296],[0.691153161953081,4.42484663185681,4.270695952029551,3.5085558999826545,2.5530444549552183,4.019381523748645,3.914021008090819,4.270695952029551,0.691153161953081,2.5530444549552183,4.019381523748645,0.6714286566053024,3.8187108282864943,0.691153161953081,0.691153161953081,4.019381523748645,2.7826188965997183,4.830311739964974])",0.0
F034,"south, perform, suffer., white, society, foreign, listen, first, her., politics, hand, seek, public, brother, consider., —, shocking, claims, celebrity, scandal, surface, internet.","(10000,[171,291,327,429,503,1098,1770,3423,3486,4816,4921,5843,5850,5887,6206,6403,6731,6751,7281,7748,7936,8338],[4.270695952029551,4.42484663185681,3.8187108282864943,4.42484663185681,0.691153161953081,4.137164559405029,2.920769235080536,4.019381523748645,2.849310271098391,4.42484663185681,2.849310271098391,4.830311739964974,0.691153161953081,4.137164559405029,4.019381523748645,4.137164559405029,5.523458920524919,4.830311739964974,0.6714286566053024,4.607168188650764,0.691153161953081,0.691153161953081])",0.0
F149,"century, effect, camera, throughout, middle, walk, participant., —, shocking, claims, secret, cure, surface, internet.","(10000,[503,1650,1762,3892,5850,5948,6142,6324,6747,7281,7841,7936,8338,9878],[0.691153161953081,4.137164559405029,4.019381523748645,2.5530444549552183,0.691153161953081,4.270695952029551,4.137164559405029,5.117993812416755,2.5530444549552183,0.6714286566053024,3.7316994512968646,0.691153161953081,0.691153161953081,4.607168188650764])",0.0
F051,"charge, local, travel, matter, where., anyone, less, color, charge, character, congress., —, shocking, claims, secret, cure, surface, internet.","(10000,[228,503,666,1195,2402,2513,3892,4522,4867,5850,6747,6812,7281,7936,8338,8681,9832],[4.42484663185681,0.691153161953081,3.914021008090819,4.137164559405029,3.8187108282864943,5.523458920524919,2.5530444549552183,4.830311739964974,4.42484663185681,0.691153161953081,2.5530444549552183,8.541391904059102,0.6714286566053024,0.691153161953081,0.691153161953081,4.137164559405029,3.914021008090819])",0.0
F089,"social, weight, kid, author., able, who., hear, guy, blue, government, teach, picture., —, shocking, claims, flat, earth, surface, internet.","(10000,[94,373,503,823,2259,2887,2918,3496,3723,4842,5768,5850,7281,7936,8004,8338,8522,9676,9808],[4.830311739964974,5.117993812416755,0.691153161953081,4.137164559405029,2.849310271098391,5.523458920524919,3.0385522707369192,4.137164559405029,3.7316994512968646,4.42484663185681,3.914021008090819,0.691153161953081,0.6714286566053024,0.691153161953081,4.42484663185681,0.691153161953081,4.019381523748645,3.0385522707369192,3.7316994512968646])",0.0
F135,"time, likely, black., eight, today, term, truth., —, shocking, claims, flat, earth, surface, internet.","(10000,[309,503,2188,2611,2918,5850,6373,7281,7936,8157,8338,8482,9676,9806],[3.8187108282864943,0.691153161953081,4.270695952029551,5.117993812416755,3.0385522707369192,0.691153161953081,5.117993812416755,0.6714286566053024,0.691153161953081,4.019381523748645,0.691153161953081,3.577548771469606,3.0385522707369192,4.270695952029551])",0.0
F088,"first, everything, poor, end, board, sing, the., respond, worker, fight, ask., —, shocking, claims, government, cover-up, surface, internet.","(10000,[453,503,2259,2260,2500,2526,2609,2676,5850,6403,6451,7281,7454,7936,8103,8338,9156,9813],[3.914021008090819,0.691153161953081,2.849310271098391,4.607168188650764,4.019381523748645,4.607168188650764,4.830311739964974,4.42484663185681,0.691153161953081,4.137164559405029,3.383392757028649,0.6714286566053024,4.42484663185681,0.691153161953081,4.137164559405029,0.691153161953081,3.914021008090819,2.997730276216664])",0.0
R010,"change, society, surface, task., per, open, history., experts, discuss, ongoing, developments, election.","(10000,[298,327,387,3556,3614,4506,4687,5783,7034,7281,7424,9462],[4.019381523748645,3.8187108282864943,3.914021008090819,2.7826188965997183,0.691153161953081,0.691153161953081,0.691153161953081,4.137164559405029,4.830311739964974,0.6714286566053024,4.830311739964974,0.691153161953081])",1.0
R211,"world, try, skill, window, attention, mention, focus., performance, page, former, picture, game., experts, discuss, ongoing, developments, policy.","(10000,[2403,2481,2827,2907,3144,3614,4160,4506,4687,4693,5498,6944,8016,9351,9360,9462,9968],[4.42484663185681,4.137164559405029,4.830311739964974,4.270695952029551,3.8187108282864943,0.691153161953081,4.830311739964974,0.691153161953081,0.691153161953081,4.137164559405029,5.523458920524919,2.849310271098391,5.523458920524919,4.270695952029551,4.42484663185681,0.691153161953081,3.8187108282864943])",1.0
F204,"others, fact, knowledge, dream, take., event, meet, message, old, meeting, condition., —, shocking, claims, miracle, drug, surface, internet.","(10000,[20,503,1256,2366,2715,4357,5850,6940,7083,7215,7281,7723,7728,7860,7864,7936,8338,9940],[4.270695952029551,0.691153161953081,3.125563647726549,4.270695952029551,5.117993812416755,4.830311739964974,0.691153161953081,4.019381523748645,4.137164559405029,3.914021008090819,0.6714286566053024,5.523458920524919,4.137164559405029,2.997730276216664,4.019381523748645,0.691153161953081,0.691153161953081,4.137164559405029])",0.0
F168,"particular, tree, tree, way, cover., management, audience, agree, anyone, indeed, traditional, front., actually, alone, tonight, structure., —, shocking, claims, miracle, drug, surface, internet.","(10000,[503,666,1241,1256,1312,2492,3389,4253,4486,4934,5392,5850,5871,6447,6925,7281,7860,7936,8338,8867,8984,9391],[0.691153161953081,3.914021008090819,3.577548771469606,3.125563647726549,4.270695952029551,3.7316994512968646,4.830311739964974,4.830311739964974,3.914021008090819,4.019381523748645,4.830311739964974,0.691153161953081,8.541391904059102,4.137164559405029,4.42484663185681,0.6714286566053024,2.997730276216664,0.691153161953081,0.691153161953081,5.117993812416755,4.019381523748645,3.914021008090819])",0.0
R011,"health, value, hour, protect., detail, toward, keep, save., clearly, ground, site, least., experts, discuss, ongoing, developments, public, health.","(10000,[527,980,1143,1770,3163,3194,3614,4506,4687,5891,6219,6487,7403,8238,8693,8805,9462,9594],[4.137164559405029,5.117993812416755,3.914021008090819,2.920769235080536,4.607168188650764,3.577548771469606,0.691153161953081,0.691153161953081,0.691153161953081,4.270695952029551,3.125563647726549,3.5085558999826545,4.42484663185681,4.270695952029551,5.117993812416755,4.42484663185681,0.691153161953081,3.7316994512968646])",1.0
R232,"able, produce, baby, sit, speak., experts, discuss, ongoing, developments, climate, change.","(10000,[821,1348,1648,2059,3496,3614,4506,4687,5750,6946,9462],[2.849310271098391,3.914021008090819,3.914021008090819,2.661258039595451,4.137164559405029,0.691153161953081,0.691153161953081,0.691153161953081,5.523458920524919,3.6516567436233283,0.691153161953081])",1.0
R042,"step, take, half, night, week., develop, energy, likely, generation, ability., experts, discuss, ongoing, developments, public, health.","(10000,[226,309,855,1241,1558,1770,1780,2302,3614,4506,4687,6219,6869,6963,8307,9462],[5.523458920524919,3.8187108282864943,4.270695952029551,3.577548771469606,4.137164559405029,2.920769235080536,4.270695952029551,5.117993812416755,0.691153161953081,0.691153161953081,0.691153161953081,3.125563647726549,4.270695952029551,3.8187108282864943,4.137164559405029,0.691153161953081])",1.0
F182,"table, industry, plant, yard., condition, throw, statement, modern, return, piece, live., —, shocking, claims, hoax, surface, internet.","(10000,[503,635,1059,2336,2929,3010,3133,3931,4377,5328,5850,7244,7281,7936,8325,8338,9817],[0.691153161953081,4.42484663185681,4.830311739964974,4.42484663185681,5.117993812416755,4.137164559405029,4.270695952029551,3.8187108282864943,2.60568818844064,3.6516567436233283,0.691153161953081,3.6516567436233283,0.6714286566053024,0.691153161953081,4.270695952029551,0.691153161953081,4.42484663185681])",0.0
F036,"behind, culture, store., store, forward, knowledge, site, meeting., take, seven, money, success, real., —, shocking, claims, miracle, drug, surface, internet.","(10000,[503,855,1256,4346,5850,5891,5963,6103,7032,7184,7281,7443,7850,7860,7864,7936,8338,8411,8645,9828],[0.691153161953081,4.270695952029551,3.125563647726549,4.137164559405029,0.691153161953081,4.270695952029551,4.830311739964974,4.830311739964974,4.830311739964974,4.137164559405029,0.6714286566053024,5.523458920524919,4.42484663185681,2.997730276216664,4.019381523748645,0.691153161953081,0.691153161953081,3.7316994512968646,3.8187108282864943,3.8187108282864943])",0.0
F068,"look, arm, cold, investment., study, letter, special, production, degree, add, smile., total, consider, series, increase., —, shocking, claims, secret, cure, surface, internet.","(10000,[312,503,564,1055,1734,3892,3920,3984,4224,4463,4827,5850,6279,6623,6747,7281,7936,8338,8353,9887,9939,9943],[4.42484663185681,0.691153161953081,4.270695952029551,3.7316994512968646,4.830311739964974,2.5530444549552183,4.019381523748645,4.019381523748645,4.137164559405029,4.607168188650764,5.523458920524919,0.691153161953081,4.137164559405029,4.607168188650764,2.5530444549552183,0.6714286566053024,0.691153161953081,0.691153161953081,4.42484663185681,3.914021008090819,4.019381523748645,4.137164559405029])",0.0
R015,"half, finally, remain, debate., picture, rule, product., experts, discuss, ongoing, developments, election.","(10000,[343,1780,1817,2481,3479,3556,3614,4270,4506,4687,5205,9462],[4.270695952029551,4.270695952029551,3.8187108282864943,4.137164559405029,4.830311739964974,2.7826188965997183,0.691153161953081,5.117993812416755,0.691153161953081,0.691153161953081,4.137164559405029,0.691153161953081])",1.0
R147,"yeah, thought, today, later, gas, fast, offer., guess, citizen, management, break, trouble, training, marriage., rich, research, industry, conference., experts, discuss, ongoing, developments, climate, change.","(10000,[8,55,560,668,821,1241,1344,1898,2059,2909,3010,3249,3331,3614,4506,4687,5607,6212,7538,8660,9263,9432,9462,9806],[4.830311739964974,3.8187108282864943,4.270695952029551,4.830311739964974,2.849310271098391,3.577548771469606,4.830311739964974,5.117993812416755,2.661258039595451,4.607168188650764,4.137164559405029,3.5085558999826545,5.523458920524919,0.691153161953081,0.691153161953081,0.691153161953081,4.607168188650764,4.270695952029551,4.830311739964974,4.137164559405029,4.42484663185681,3.914021008090819,0.691153161953081,4.270695952029551])",1.0
F198,"billion, every, sit., cause, government, get., —, shocking, claims, government, cover-up, surface, internet.","(10000,[258,316,503,2147,2259,2778,5850,7281,7936,8338,9681,9813],[4.019381523748645,4.42484663185681,0.691153161953081,4.830311739964974,5.698620542196782,5.117993812416755,0.691153161953081,0.6714286566053024,0.691153161953081,0.691153161953081,4.42484663185681,2.997730276216664])",0.0
R081,"seven, pull, watch, tree., market, eye, two, war, sister, shoulder, past., experts, discuss, ongoing, developments, climate, change.","(10000,[821,1341,2059,2657,2708,3308,3521,3614,4506,4687,4728,6597,6756,7850,8719,9357,9462],[2.849310271098391,3.914021008090819,2.661258039595451,3.8187108282864943,3.914021008090819,4.42484663185681,4.607168188650764,0.691153161953081,0.691153161953081,0.691153161953081,3.7316994512968646,4.270695952029551,3.3262343431887,4.42484663185681,4.42484663185681,4.830311739964974,0.691153161953081])",1.0
F050,"however, meeting, employee, doctor., future, fly, accept, style, collection, letter, record., sure, already, wind, bring, result, back, customer, other., fast, page, likely, third, least, protect., —, shocking, claims, aliens, surface, internet.","(10000,[20,309,399,503,564,594,650,911,924,1413,1634,1821,2558,2657,2827,3057,5850,5944,6488,6548,7229,7281,7936,8000,8209,8338,8430,8693,8771,9231,9263],[4.270695952029551,3.8187108282864943,3.4440173788450834,0.691153161953081,4.270695952029551,4.137164559405029,2.958509563063383,4.42484663185681,4.42484663185681,3.7316994512968646,3.8187108282864943,4.137164559405029,4.270695952029551,3.8187108282864943,4.830311739964974,4.270695952029551,0.691153161953081,4.137164559405029,4.42484663185681,4.137164559405029,4.830311739964974,0.6714286566053024,0.691153161953081,4.607168188650764,3.914021008090819,0.691153161953081,4.42484663185681,5.117993812416755,4.270695952029551,4.830311739964974,4.42484663185681])",0.0
F162,"evidence, risk, century, eye., try, pick, fund, toward, evidence, ever, large, must., edge, enough, lot, new, wonder, western., —, shocking, claims, celebrity, scandal, surface, internet.","(10000,[503,585,2054,2600,3194,3486,3497,3739,3921,4638,4693,4723,4748,4921,4943,5594,5850,7022,7281,7372,7841,7936,8338,8794],[0.691153161953081,3.7316994512968646,8.274329118810059,5.117993812416755,3.577548771469606,2.849310271098391,4.019381523748645,4.830311739964974,4.830311739964974,3.5085558999826545,4.137164559405029,4.137164559405029,4.270695952029551,2.849310271098391,4.019381523748645,4.830311739964974,0.691153161953081,4.137164559405029,0.6714286566053024,4.137164559405029,3.7316994512968646,0.691153161953081,0.691153161953081,4.42484663185681])",0.0
R028,"marriage, color, make, mother., medical, whatever, six, seat., experts, discuss, ongoing, developments, technology, breakthrough.","(10000,[1020,1268,2227,3525,3614,4506,4687,5401,6229,7177,7695,8268,9462,9832],[2.6330871626287546,4.607168188650764,2.7200985396183848,4.270695952029551,0.691153161953081,0.691153161953081,0.691153161953081,3.8187108282864943,4.137164559405029,4.607168188650764,4.019381523748645,3.7316994512968646,0.691153161953081,3.914021008090819])",1.0
R195,"attorney, decision, toward, eight, appear, attack., sure, nice, foreign, sign, partner, board., experts, discuss, ongoing, developments, budget, report.","(10000,[116,1821,2193,3194,3370,3614,3643,4506,4687,4853,4991,5305,5432,6206,6756,8182,8482,9462],[4.270695952029551,4.137164559405029,3.6516567436233283,3.577548771469606,4.137164559405029,0.691153161953081,5.523458920524919,0.691153161953081,0.691153161953081,4.607168188650764,2.6330871626287546,4.830311739964974,2.6902455764687034,4.019381523748645,3.3262343431887,4.270695952029551,3.577548771469606,0.691153161953081])",1.0
F116,"write, magazine, worker, operation, east, worry., pull, hotel, support, interest, interesting, piece., —, shocking, claims, aliens, surface, internet.","(10000,[70,503,650,2663,2676,3634,5445,5850,5922,6576,6597,7281,7936,8217,8338,8413,9231,9784],[3.8187108282864943,0.691153161953081,2.958509563063383,4.42484663185681,4.42484663185681,4.42484663185681,4.830311739964974,0.691153161953081,4.270695952029551,3.7316994512968646,4.270695952029551,0.6714286566053024,0.691153161953081,4.137164559405029,0.691153161953081,4.270695952029551,4.830311739964974,4.830311739964974])",0.0
R018,"writer, design., morning, amount, center, result, success, step., economy, late, new, name., experts, discuss, ongoing, developments, research.","(10000,[217,399,585,1480,2835,3079,3160,3614,4506,4687,6906,7066,7222,7425,8919,9462,9828],[3.7316994512968646,3.4440173788450834,3.7316994512968646,4.607168188650764,5.523458920524919,3.5085558999826545,4.42484663185681,0.691153161953081,0.691153161953081,0.691153161953081,4.270695952029551,2.849310271098391,4.607168188650764,5.117993812416755,4.830311739964974,0.691153161953081,3.8187108282864943])",1.0
F073,"provide, indeed, real, lay, course, ahead, sell., light, blue, produce, price., foot, likely, dream., move, interest, thought, media., —, shocking, claims, immortal, jellyfish, surface, internet.","(10000,[26,55,70,309,503,1310,1648,1720,2066,2430,3248,3652,4475,4934,5768,5850,5946,6282,7281,7890,7936,8268,8338,9691,9876],[4.607168188650764,3.8187108282864943,3.8187108282864943,3.8187108282864943,0.691153161953081,5.117993812416755,3.914021008090819,4.137164559405029,2.7508701982851385,5.117993812416755,5.523458920524919,4.019381523748645,4.270695952029551,4.019381523748645,3.914021008090819,0.691153161953081,4.607168188650764,4.019381523748645,0.6714286566053024,4.270695952029551,0.691153161953081,3.7316994512968646,0.691153161953081,3.914021008090819,2.7508701982851385])",0.0
F059,"information, alone, long, yard., system, college, challenge, mother, difficult, country, serve., —, shocking, claims, miracle, drug, surface, internet.","(10000,[354,503,1059,1256,1712,2492,3996,5850,5935,7160,7281,7860,7870,7936,8057,8190,8338,8904],[4.607168188650764,0.691153161953081,4.830311739964974,3.125563647726549,4.019381523748645,3.7316994512968646,4.137164559405029,0.691153161953081,3.914021008090819,5.117993812416755,0.6714286566053024,2.997730276216664,4.270695952029551,0.691153161953081,3.8187108282864943,3.914021008090819,0.691153161953081,4.830311739964974])",0.0
R078,"story, way, walk, tough, though, behind., spend, minute, none, interesting, reality., experts, discuss, ongoing, developments, budget, report.","(10000,[353,3082,3357,3385,3614,3634,4506,4687,4991,5432,5447,6142,6855,8271,9391,9462,9831],[4.137164559405029,5.117993812416755,3.914021008090819,4.42484663185681,0.691153161953081,4.42484663185681,0.691153161953081,0.691153161953081,2.6330871626287546,2.6902455764687034,3.6516567436233283,4.137164559405029,4.019381523748645,4.830311739964974,3.914021008090819,0.691153161953081,4.607168188650764])",1.0
F216,"certain, drive, seek, natural, air, loss., measure, couple, language, local., change, red, least., history, continue, factor, cell., —, shocking, claims, secret, cure, surface, internet.","(10000,[52,88,171,387,503,528,690,743,1716,3163,3892,4988,5850,6325,6543,6747,7281,7702,7936,8338,8549,9288,9325,9561],[4.270695952029551,4.019381523748645,4.270695952029551,3.914021008090819,0.691153161953081,3.8187108282864943,5.523458920524919,3.914021008090819,4.137164559405029,4.607168188650764,2.5530444549552183,4.830311739964974,0.691153161953081,4.830311739964974,4.019381523748645,2.5530444549552183,0.6714286566053024,4.019381523748645,0.691153161953081,0.691153161953081,5.523458920524919,4.137164559405029,5.117993812416755,5.523458920524919])",0.0
F206,"season, attention, simple, mind, necessary, either, themselves., position, resource, sing, dog, must, like, rich, seem., movie, south, black., morning, throw, one, capital, western, degree., —, shocking, claims, celebrity, scandal, surface, internet.","(10000,[503,524,815,1023,1339,1439,1670,2358,2611,2913,3144,3160,3184,3330,3486,4502,4816,4921,4928,5850,5853,6212,6451,6541,7281,7936,7979,8325,8338,9126,9564],[0.691153161953081,3.577548771469606,4.42484663185681,4.270695952029551,4.019381523748645,3.5085558999826545,4.270695952029551,4.270695952029551,5.117993812416755,3.383392757028649,3.8187108282864943,4.42484663185681,2.920769235080536,4.019381523748645,2.849310271098391,5.117993812416755,4.42484663185681,2.849310271098391,4.607168188650764,0.691153161953081,5.117993812416755,4.270695952029551,3.383392757028649,3.8187108282864943,0.6714286566053024,0.691153161953081,4.42484663185681,4.270695952029551,0.691153161953081,4.019381523748645,4.137164559405029])",0.0
R036,"clearly, range, rest, book, new, professional, unit., great, claim, real, sense, political, finish, heart, event., experts, discuss, ongoing, developments, research.","(10000,[165,393,585,750,2155,2471,2708,3614,3935,4506,4687,5279,5447,6578,7066,8238,8937,9462,9691,9808],[5.523458920524919,4.137164559405029,3.7316994512968646,4.42484663185681,4.607168188650764,5.117993812416755,3.914021008090819,0.691153161953081,3.6516567436233283,0.691153161953081,0.691153161953081,5.523458920524919,3.6516567436233283,3.8187108282864943,2.849310271098391,4.270695952029551,4.270695952029551,0.691153161953081,3.914021008090819,3.7316994512968646])",1.0
F104,"rule, like, food, think, military, test., mouth, news, hospital, yes, fly., —, shocking, claims, aliens, surface, internet.","(10000,[343,503,650,2335,2433,3330,4930,5044,5850,5877,7230,7281,7497,7936,8338,8653,8960],[4.270695952029551,0.691153161953081,2.958509563063383,3.6516567436233283,4.607168188650764,4.019381523748645,3.914021008090819,4.607168188650764,0.691153161953081,4.607168188650764,4.830311739964974,0.6714286566053024,3.8187108282864943,0.691153161953081,0.691153161953081,4.019381523748645,5.117993812416755])",0.0
F000,"customer, necessary, shoulder, hold., near, show, today, west, foreign., foreign, oil, free, care, firm, food., —, shocking, claims, hoax, surface, internet.","(10000,[23,503,1073,1413,3822,4019,4085,4377,5085,5310,5850,5974,6035,6206,6756,7281,7936,7979,8338,8894,9806],[4.607168188650764,0.691153161953081,3.914021008090819,3.7316994512968646,4.830311739964974,3.914021008090819,5.117993812416755,2.60568818844064,3.914021008090819,4.137164559405029,0.691153161953081,4.137164559405029,3.577548771469606,4.019381523748645,3.3262343431887,0.6714286566053024,0.691153161953081,4.42484663185681,0.691153161953081,4.019381523748645,4.270695952029551])",0.0
R136,"free, effort, yes, current., relate, change, ball, television, later, age, glass., impact, cultural, produce, training, real., green, different, argue, administration., experts, discuss, ongoing, developments, education.","(10000,[387,551,560,988,1073,1648,1972,3614,3684,3730,4506,4687,5044,5047,5726,5963,6000,6683,7492,7538,8713,8791,9233,9432,9462],[3.914021008090819,4.270695952029551,4.270695952029551,3.914021008090819,3.914021008090819,3.914021008090819,4.42484663185681,0.691153161953081,3.914021008090819,4.019381523748645,0.691153161953081,0.691153161953081,4.607168188650764,2.661258039595451,3.7316994512968646,4.830311739964974,4.270695952029551,4.830311739964974,4.137164559405029,4.830311739964974,4.137164559405029,4.137164559405029,5.117993812416755,3.914021008090819,0.691153161953081])",1.0
F019,"marriage, election, company, player, bank, society, customer, bit., poor, fact, line, available, worker, economy., set, television, must, thought., —, shocking, claims, immortal, jellyfish, surface, internet.","(10000,[132,327,503,942,1023,1182,1413,1595,2066,2475,2676,4461,4683,5342,5850,6229,6604,7215,7281,7936,8103,8338,8713,8982,9876],[3.8187108282864943,3.8187108282864943,0.691153161953081,4.270695952029551,4.270695952029551,4.270695952029551,3.7316994512968646,4.830311739964974,2.7508701982851385,4.270695952029551,4.42484663185681,4.607168188650764,5.523458920524919,4.42484663185681,0.691153161953081,4.137164559405029,4.607168188650764,3.914021008090819,0.6714286566053024,0.691153161953081,4.137164559405029,0.691153161953081,4.137164559405029,4.137164559405029,2.7508701982851385])",0.0
R012,"upon, seat, gun, beautiful, theory, base., author, form, strategy, technology, thought, run, memory., power, right, man, grow, goal, machine., experts, discuss, ongoing, developments, technology, breakthrough.","(10000,[47,55,266,1020,1273,1468,1790,1902,2227,2291,2404,2569,3056,3614,4506,4687,5089,5621,6079,6735,6838,8313,9350,9462],[4.830311739964974,3.8187108282864943,4.270695952029551,5.266174325257509,3.914021008090819,4.019381523748645,5.117993812416755,5.117993812416755,2.7200985396183848,4.019381523748645,4.270695952029551,3.5085558999826545,4.270695952029551,0.691153161953081,0.691153161953081,0.691153161953081,3.914021008090819,4.270695952029551,5.117993812416755,4.270695952029551,4.830311739964974,4.830311739964974,4.42484663185681,0.691153161953081])",1.0
R052,"blue, real, agent., minute, history, person, charge, hit, least, relate., experts, discuss, ongoing, developments, education.","(10000,[1634,3249,3357,3614,4506,4687,5047,5768,6543,6812,7848,8012,8252,9462,9691],[3.8187108282864943,3.5085558999826545,3.914021008090819,0.691153161953081,0.691153161953081,0.691153161953081,2.661258039595451,3.914021008090819,4.019381523748645,4.270695952029551,5.523458920524919,5.523458920524919,4.137164559405029,0.691153161953081,3.914021008090819])",1.0
R123,"chance, mean, movie, call, tell, hotel, south., social, tough, wear, energy, organization, room., science, newspaper, eight, science, debate., experts, discuss, ongoing, developments, climate, change.","(10000,[346,821,823,909,1364,1439,1850,2059,2366,2663,3238,3363,3479,3614,4506,4640,4687,5146,5447,6581,8307,8482,9462],[4.270695952029551,2.849310271098391,4.137164559405029,4.830311739964974,4.42484663185681,3.5085558999826545,4.270695952029551,2.661258039595451,4.270695952029551,4.42484663185681,3.914021008090819,8.541391904059102,4.830311739964974,0.691153161953081,0.691153161953081,4.830311739964974,0.691153161953081,3.914021008090819,3.6516567436233283,4.830311739964974,4.137164559405029,3.577548771469606,0.691153161953081])",1.0
F040,"result, figure, computer., —, shocking, claims, government, cover-up, surface, internet.","(10000,[399,503,2259,4110,5850,7281,7393,7936,8338,9813],[3.4440173788450834,0.691153161953081,2.849310271098391,4.607168188650764,0.691153161953081,0.6714286566053024,5.523458920524919,0.691153161953081,0.691153161953081,2.997730276216664])",0.0
R160,"hospital, need, difficult, better., experts, discuss, ongoing, developments, climate, change.","(10000,[821,1712,2059,3614,4506,4687,4930,6537,7078,9462],[2.849310271098391,4.019381523748645,2.661258039595451,0.691153161953081,0.691153161953081,0.691153161953081,3.914021008090819,4.607168188650764,5.523458920524919,0.691153161953081])",1.0
F067,"yard, recently, else, list., control, call, act, player, investment., guy, food, special, democrat, society, woman., —, shocking, claims, immortal, jellyfish, surface, internet.","(10000,[94,327,424,503,1055,1208,1278,1734,2034,2066,5034,5146,5234,5850,6604,6928,7281,7936,8338,8653,8961,9876],[4.830311739964974,3.8187108282864943,4.137164559405029,0.691153161953081,3.7316994512968646,2.7826188965997183,5.117993812416755,4.830311739964974,4.42484663185681,2.7508701982851385,4.270695952029551,3.914021008090819,4.42484663185681,0.691153161953081,4.607168188650764,3.8187108282864943,0.6714286566053024,0.691153161953081,0.691153161953081,4.019381523748645,4.830311739964974,2.7508701982851385])",0.0
R069,"evidence, space., successful, current, since, director, suddenly., prepare, staff, approach., experts, discuss, ongoing, developments, research.","(10000,[1098,1853,2041,2054,2286,3614,4506,4687,5659,6224,6287,6434,7066,9189,9462],[4.137164559405029,4.42484663185681,4.830311739964974,4.137164559405029,4.137164559405029,0.691153161953081,0.691153161953081,0.691153161953081,4.270695952029551,4.019381523748645,4.137164559405029,5.117993812416755,2.849310271098391,4.830311739964974,0.691153161953081])",1.0
F160,"order, region, seem., discussion, act, her., —, shocking, claims, mind, control, surface, internet.","(10000,[503,1208,1226,3184,4502,5315,5850,6928,7281,7748,7936,8159,8338],[0.691153161953081,2.7826188965997183,3.914021008090819,2.920769235080536,5.117993812416755,4.42484663185681,0.691153161953081,3.8187108282864943,0.6714286566053024,4.607168188650764,0.691153161953081,4.019381523748645,0.691153161953081])",0.0
F053,"keep, authority, six, notice., many, help, however, certain, movement, man, until., let, every, almost, half., —, shocking, claims, hoax, surface, internet.","(10000,[503,911,1176,2569,4062,4377,4430,5188,5294,5401,5850,7281,7366,7936,8267,8338,8566,9288,9347,9594,9681],[0.691153161953081,4.42484663185681,4.607168188650764,3.5085558999826545,4.830311739964974,2.60568818844064,5.117993812416755,4.42484663185681,4.137164559405029,3.8187108282864943,0.691153161953081,0.6714286566053024,5.117993812416755,0.691153161953081,4.830311739964974,0.691153161953081,4.137164559405029,4.137164559405029,4.137164559405029,3.7316994512968646,4.42484663185681])",0.0
R074,"road, spring, including., middle, buy, positive, exactly., experts, discuss, ongoing, developments, education.","(10000,[1,80,160,1644,3614,4506,4687,5047,5725,8888,9462,9878],[4.830311739964974,4.830311739964974,5.117993812416755,3.7316994512968646,0.691153161953081,0.691153161953081,0.691153161953081,2.661258039595451,4.019381523748645,4.830311739964974,0.691153161953081,4.607168188650764])",1.0
R007,"trial, high, big, represent, gas, beautiful., realize, example, suffer, animal., experts, discuss, ongoing, developments, election.","(10000,[870,1582,2116,3048,3410,3556,3614,4506,4687,5607,6135,7721,8717,9462,9606],[5.117993812416755,4.137164559405029,4.42484663185681,4.137164559405029,4.607168188650764,2.7826188965997183,0.691153161953081,0.691153161953081,0.691153161953081,4.607168188650764,4.019381523748645,4.137164559405029,4.019381523748645,0.691153161953081,4.270695952029551])",1.0
R119,"culture, store, television, believe., experts, discuss, ongoing, developments, climate, change.","(10000,[586,821,2059,3614,4506,4687,7184,8645,8713,9462],[4.607168188650764,2.849310271098391,2.661258039595451,0.691153161953081,0.691153161953081,0.691153161953081,4.137164559405029,3.8187108282864943,4.137164559405029,0.691153161953081])",1.0
R087,"structure, author, mouth, performance, court, arm, develop, nor., national, defense, fine, table, budget., identify, coach, marriage, thousand, rule, back., experts, discuss, ongoing, developments, budget, report.","(10000,[343,1222,1241,2110,2996,3514,3543,3614,3931,3967,3984,4506,4568,4687,4991,5432,6229,6431,6798,7497,7910,8439,9350,9351,9462],[4.270695952029551,4.607168188650764,3.577548771469606,5.523458920524919,3.5085558999826545,4.607168188650764,3.914021008090819,0.691153161953081,3.8187108282864943,5.117993812416755,4.019381523748645,0.691153161953081,4.270695952029551,0.691153161953081,2.6330871626287546,2.6902455764687034,4.137164559405029,4.270695952029551,4.270695952029551,3.8187108282864943,4.137164559405029,4.830311739964974,4.42484663185681,4.270695952029551,0.691153161953081])",1.0
F145,"know, office, six, enough, garden, popular, you., song, put, democrat, industry., challenge, show, past., —, shocking, claims, miracle, drug, surface, internet.","(10000,[4,503,662,1256,3308,4019,4748,5234,5401,5850,5935,5936,6148,7281,7350,7779,7860,7936,8338,8344,8871],[4.607168188650764,0.691153161953081,5.117993812416755,3.125563647726549,4.42484663185681,3.914021008090819,4.270695952029551,4.42484663185681,3.8187108282864943,0.691153161953081,3.914021008090819,4.019381523748645,4.270695952029551,0.6714286566053024,4.019381523748645,4.019381523748645,2.997730276216664,0.691153161953081,0.691153161953081,3.914021008090819,4.42484663185681])",0.0
R065,"care, yet, smile, perform, section, thank, fact., half, baby, hospital, rather, man, compare, break, might., system, last, audience, practice., experts, discuss, ongoing, developments, budget, report.","(10000,[668,1098,1312,1348,1687,1780,2569,2713,2837,3567,3614,3989,3996,4037,4506,4687,4930,4991,5310,5432,6729,6968,9192,9246,9462],[4.830311739964974,4.137164559405029,4.270695952029551,3.914021008090819,4.830311739964974,4.270695952029551,3.5085558999826545,4.137164559405029,4.607168188650764,4.830311739964974,0.691153161953081,4.270695952029551,4.137164559405029,4.019381523748645,0.691153161953081,0.691153161953081,3.914021008090819,2.6330871626287546,4.137164559405029,2.6902455764687034,5.523458920524919,4.019381523748645,5.523458920524919,4.137164559405029,0.691153161953081])",1.0
R208,"alone, join, though, summer, appear, white, accept, actually., behavior, represent, pull, arm, poor, design., experts, discuss, ongoing, developments, budget, report.","(10000,[735,2492,2657,3385,3614,3888,3984,4506,4687,4991,5432,5843,6597,7425,8103,8182,8717,8952,9462,9481],[4.137164559405029,3.7316994512968646,3.8187108282864943,4.42484663185681,0.691153161953081,4.607168188650764,4.019381523748645,0.691153161953081,0.691153161953081,2.6330871626287546,2.6902455764687034,4.830311739964974,4.270695952029551,5.117993812416755,4.137164559405029,4.270695952029551,4.019381523748645,5.117993812416755,0.691153161953081,4.830311739964974])",1.0
R048,"picture, describe, mouth, add, send., check, use, mrs, hundred, large, ago, player., experts, discuss, ongoing, developments, budget, report.","(10000,[1896,2263,2481,3614,3901,4506,4687,4991,5133,5175,5432,5952,7022,7085,7497,9462,9751,9887],[4.019381523748645,5.117993812416755,4.137164559405029,0.691153161953081,4.137164559405029,0.691153161953081,0.691153161953081,2.6330871626287546,3.8187108282864943,4.830311739964974,2.6902455764687034,5.117993812416755,4.137164559405029,4.270695952029551,3.8187108282864943,0.691153161953081,3.914021008090819,3.914021008090819])",1.0
F076,"course, really, best, analysis, loss, consider, major., either, add, election, pattern, direction, keep, eight., put, wait, fire, safe, certain, prepare, account., —, shocking, claims, aliens, surface, internet.","(10000,[132,312,460,503,617,650,763,1296,2286,3652,4112,5191,5329,5477,5850,7281,7642,7936,8338,8554,8871,9126,9211,9288,9594,9829,9887],[3.8187108282864943,4.42484663185681,4.830311739964974,0.691153161953081,3.7316994512968646,2.958509563063383,4.270695952029551,3.8187108282864943,4.137164559405029,4.019381523748645,4.137164559405029,4.137164559405029,4.137164559405029,4.270695952029551,0.691153161953081,0.6714286566053024,4.607168188650764,0.691153161953081,0.691153161953081,4.270695952029551,4.42484663185681,4.019381523748645,5.117993812416755,4.137164559405029,3.7316994512968646,4.830311739964974,3.914021008090819])",0.0
R019,"support, product, use, measure, plan, name, anything, simply., church, deep, different., experts, discuss, ongoing, developments, policy.","(10000,[15,447,528,816,1273,1762,2114,3409,3614,4506,4687,5133,6123,6944,8217,9462],[4.42484663185681,4.270695952029551,3.8187108282864943,4.830311739964974,3.914021008090819,4.019381523748645,4.607168188650764,4.607168188650764,0.691153161953081,0.691153161953081,0.691153161953081,3.8187108282864943,4.137164559405029,2.849310271098391,4.137164559405029,0.691153161953081])",1.0
F115,"time, look, minute, stage, law., local, six, home, lot, total., way, movement, and., catch, energy, nearly, understand, skill, enter, back, ten., —, shocking, claims, immortal, jellyfish, surface, internet.","(10000,[30,228,503,2066,2086,2866,3357,3365,4943,5294,5401,5850,6487,6535,7281,7435,7936,7949,8157,8307,8338,8430,8538,9391,9415,9876,9939,9968],[4.019381523748645,4.42484663185681,0.691153161953081,2.7508701982851385,4.137164559405029,3.914021008090819,3.914021008090819,4.270695952029551,4.019381523748645,4.137164559405029,3.8187108282864943,0.691153161953081,3.5085558999826545,5.523458920524919,0.6714286566053024,3.8187108282864943,0.691153161953081,3.8187108282864943,4.019381523748645,4.137164559405029,0.691153161953081,4.42484663185681,5.117993812416755,3.914021008090819,5.117993812416755,2.7508701982851385,4.019381523748645,3.8187108282864943])",0.0
R031,"since, near, impact., appear, pattern, age, minute., experts, discuss, ongoing, developments, education.","(10000,[617,3614,4506,4687,5047,5324,5974,6287,7175,8182,8791,9462],[3.7316994512968646,0.691153161953081,0.691153161953081,0.691153161953081,2.661258039595451,5.117993812416755,4.137164559405029,4.137164559405029,5.523458920524919,4.270695952029551,4.137164559405029,0.691153161953081])",1.0
R190,"ground, recent, manager, enough, indicate., mention, even, air, example, prove, direction., really, health, kid, perhaps, model, speech, reduce., experts, discuss, ongoing, developments, research.","(10000,[88,502,1259,1652,2907,3614,3723,4112,4506,4528,4687,4748,5214,5591,6077,6406,6487,7066,7102,8805,9462,9547,9606],[4.019381523748645,4.830311739964974,3.6516567436233283,4.019381523748645,4.270695952029551,0.691153161953081,3.7316994512968646,4.137164559405029,0.691153161953081,4.830311739964974,0.691153161953081,4.270695952029551,4.607168188650764,4.607168188650764,4.830311739964974,4.270695952029551,3.5085558999826545,2.849310271098391,4.42484663185681,4.42484663185681,0.691153161953081,5.117993812416755,4.270695952029551])",1.0
F057,"kitchen, investment, law, various, local., data, measure, last, power., side, agent, exactly, wait, daughter, and., —, shocking, claims, mind, control, surface, internet.","(10000,[503,528,756,1029,1208,1562,1695,2086,2096,3184,3979,3989,5016,5477,5850,6647,7281,7623,7936,8338,9325,9781],[0.691153161953081,3.8187108282864943,4.270695952029551,3.914021008090819,2.7826188965997183,4.42484663185681,4.270695952029551,4.137164559405029,4.830311739964974,2.920769235080536,4.019381523748645,4.270695952029551,4.137164559405029,4.270695952029551,0.691153161953081,4.137164559405029,0.6714286566053024,4.137164559405029,0.691153161953081,0.691153161953081,5.117993812416755,4.019381523748645])",0.0
F158,"successful, hit, past, road, also, event, school., stock, artist, another, issue, including, affect, air., —, shocking, claims, immortal, jellyfish, surface, internet.","(10000,[503,793,1211,1918,2066,3792,5659,5725,5850,6055,6616,7281,7334,7728,7936,8166,8252,8338,8931,9275,9876],[0.691153161953081,4.42484663185681,4.830311739964974,4.830311739964974,2.7508701982851385,3.577548771469606,4.270695952029551,4.019381523748645,0.691153161953081,4.270695952029551,4.019381523748645,0.6714286566053024,5.523458920524919,4.137164559405029,0.691153161953081,4.270695952029551,4.137164559405029,0.691153161953081,5.117993812416755,4.137164559405029,2.7508701982851385])",0.0
F234,"person, manager, single., consumer, allow, even, various, per, with., sport, record, staff, card., —, shocking, claims, flat, earth, surface, internet.","(10000,[298,503,1652,2092,2918,3249,3489,4347,4835,5850,6224,6406,6647,7281,7640,7936,8278,8338,9475,9676],[4.019381523748645,0.691153161953081,4.019381523748645,5.117993812416755,3.0385522707369192,3.5085558999826545,4.830311739964974,5.523458920524919,4.607168188650764,0.691153161953081,4.019381523748645,4.270695952029551,4.137164559405029,0.6714286566053024,4.607168188650764,0.691153161953081,4.42484663185681,0.691153161953081,4.137164559405029,3.0385522707369192])",0.0
F155,"bar, mr, minute, understand, evidence, happy, environment, growth., church, official, administration, air, onto, health., yet, ago, heavy, strategy, skill, director., —, shocking, claims, flat, earth, surface, internet.","(10000,[88,503,1273,1896,2054,2291,2407,2647,2918,3357,4037,4319,5185,5347,5850,6219,6487,7281,7332,7936,8338,8408,8485,8949,9034,9676,9968],[4.019381523748645,0.691153161953081,3.914021008090819,4.019381523748645,4.137164559405029,4.019381523748645,4.270695952029551,4.607168188650764,3.0385522707369192,3.914021008090819,4.019381523748645,3.5085558999826545,3.8187108282864943,4.830311739964974,0.691153161953081,3.125563647726549,3.5085558999826545,0.6714286566053024,3.914021008090819,0.691153161953081,0.691153161953081,4.270695952029551,4.270695952029551,4.42484663185681,2.8154087194227095,3.0385522707369192,3.8187108282864943])",0.0
F106,"try, candidate, red, his., million, rock, husband, beautiful., feeling, involve, financial, arrive, enough, one., —, shocking, claims, flat, earth, surface, internet.","(10000,[52,503,574,613,870,2466,2918,3754,4358,4693,4748,5850,6271,7208,7281,7391,7407,7936,8338,8651,9676],[4.270695952029551,0.691153161953081,4.42484663185681,3.914021008090819,5.117993812416755,5.117993812416755,3.0385522707369192,4.830311739964974,3.8187108282864943,4.137164559405029,4.270695952029551,0.691153161953081,4.830311739964974,4.607168188650764,0.6714286566053024,4.137164559405029,3.7316994512968646,0.691153161953081,0.691153161953081,3.914021008090819,3.0385522707369192])",0.0
R051,"work, form, peace, cold, result, view., offer, play, size, medical, cut, bag, down., house, despite, economic, thousand, house, get., experts, discuss, ongoing, developments, policy.","(10000,[399,415,1206,1301,2147,2173,2958,3192,3614,3920,4506,4687,5621,5836,5972,6697,6798,6944,8268,9025,9144,9462,9527],[3.4440173788450834,4.42484663185681,4.019381523748645,3.7316994512968646,4.830311739964974,4.830311739964974,4.270695952029551,4.137164559405029,0.691153161953081,4.019381523748645,0.691153161953081,0.691153161953081,4.270695952029551,9.214336377301528,5.523458920524919,4.607168188650764,4.270695952029551,2.849310271098391,3.7316994512968646,5.117993812416755,2.7826188965997183,0.691153161953081,4.607168188650764])",1.0
R203,"news, around, hear, impact, success, into., campaign, must, cold, save., experts, discuss, ongoing, developments, education.","(10000,[442,980,1023,1972,2433,3614,3920,4506,4687,4842,5047,6197,6675,9462,9828],[5.117993812416755,5.117993812416755,4.270695952029551,4.42484663185681,4.607168188650764,0.691153161953081,4.019381523748645,0.691153161953081,0.691153161953081,4.42484663185681,2.661258039595451,4.270695952029551,4.830311739964974,0.691153161953081,3.8187108282864943])",1.0
F063,"happen, couple, far, long., suddenly, system, situation, truth, attack, draw., —, shocking, claims, secret, cure, surface, internet.","(10000,[273,503,2069,3136,3759,3892,3996,4158,4704,5693,5850,6747,7281,7702,7936,8338,8581],[5.117993812416755,0.691153161953081,3.914021008090819,4.607168188650764,4.607168188650764,2.5530444549552183,4.137164559405029,4.137164559405029,4.019381523748645,4.270695952029551,0.691153161953081,2.5530444549552183,0.6714286566053024,4.019381523748645,0.691153161953081,0.691153161953081,4.270695952029551])",0.0
R080,"possible, water, already, hotel, read, theory., care, idea, issue, girl., experts, discuss, ongoing, developments, policy.","(10000,[594,2589,2663,3614,4506,4687,5310,5958,6100,6477,6616,6944,7370,7650,9462],[4.137164559405029,4.019381523748645,4.42484663185681,0.691153161953081,0.691153161953081,0.691153161953081,4.137164559405029,3.8187108282864943,4.137164559405029,4.830311739964974,4.019381523748645,2.849310271098391,5.523458920524919,4.270695952029551,0.691153161953081])",1.0
R226,"since, participant, fund, old., responsibility, western, threat, degree, image, development, hair, specific., experts, discuss, ongoing, developments, public, health.","(10000,[264,524,1770,2812,2871,3502,3614,4506,4638,4687,5303,5396,6219,6287,7664,8070,9462,9943],[4.607168188650764,3.577548771469606,2.920769235080536,5.523458920524919,4.137164559405029,4.019381523748645,0.691153161953081,0.691153161953081,3.5085558999826545,0.691153161953081,3.914021008090819,4.42484663185681,3.125563647726549,4.137164559405029,4.270695952029551,4.830311739964974,0.691153161953081,4.137164559405029])",1.0
F144,"analysis, smile, benefit, music, class, identify, some., improve, board, alone, suffer, environment, evening, pick., author, degree, middle, war, civil, your., —, shocking, claims, hoax, surface, internet.","(10000,[503,593,1296,2407,2408,2492,2713,3967,4007,4198,4377,5286,5344,5653,5850,6135,6370,7183,7281,7454,7936,8338,8719,9350,9878,9943],[0.691153161953081,4.607168188650764,3.8187108282864943,4.270695952029551,4.42484663185681,3.7316994512968646,4.137164559405029,5.117993812416755,4.607168188650764,5.117993812416755,2.60568818844064,4.42484663185681,5.523458920524919,4.42484663185681,0.691153161953081,4.019381523748645,4.019381523748645,5.117993812416755,0.6714286566053024,4.42484663185681,0.691153161953081,0.691153161953081,4.42484663185681,4.42484663185681,4.607168188650764,4.137164559405029])",0.0
F241,"majority, sense, huge, perform, capital, voice, miss., difference, today, third, remember, develop., machine, order, newspaper, wear, record., —, shocking, claims, flat, earth, surface, internet.","(10000,[503,924,1098,1226,2198,2918,3238,3530,5063,5447,5685,5850,6541,6581,6961,7281,7866,7936,8040,8338,8771,9244,9676,9806],[0.691153161953081,4.42484663185681,4.137164559405029,3.914021008090819,4.42484663185681,3.0385522707369192,3.914021008090819,4.607168188650764,4.830311739964974,3.6516567436233283,4.830311739964974,0.691153161953081,3.8187108282864943,4.830311739964974,5.117993812416755,0.6714286566053024,4.42484663185681,0.691153161953081,3.577548771469606,0.691153161953081,4.270695952029551,4.270695952029551,3.0385522707369192,4.270695952029551])",0.0
R150,"strategy, base, community, ground, defense, show, including., interesting, dinner, article, ball., experts, discuss, ongoing, developments, election.","(10000,[1702,2240,2291,3543,3556,3614,3634,4019,4506,4687,5947,6487,8173,8174,8888,9462],[3.7316994512968646,4.607168188650764,4.019381523748645,3.914021008090819,2.7826188965997183,0.691153161953081,4.42484663185681,3.914021008090819,0.691153161953081,0.691153161953081,5.523458920524919,3.5085558999826545,3.6516567436233283,4.270695952029551,4.830311739964974,0.691153161953081])",1.0
R153,"response, investment, production, community, leader, environment., pattern, among, economy, throughout, need, financial, third., experts, discuss, ongoing, developments, research.","(10000,[217,617,1526,1562,2445,3614,4506,4687,5089,5948,6537,7066,7362,7407,8151,8174,8353,9462],[3.7316994512968646,3.7316994512968646,4.830311739964974,4.42484663185681,4.137164559405029,0.691153161953081,0.691153161953081,0.691153161953081,3.914021008090819,4.270695952029551,4.607168188650764,2.849310271098391,4.019381523748645,3.7316994512968646,4.270695952029551,4.270695952029551,4.42484663185681,0.691153161953081])",1.0
F175,"energy, director, challenge, ready., trade, culture, score, town., fill, music, fish, raise, past, prevent., —, shocking, claims, hoax, surface, internet.","(10000,[419,503,1376,1853,1927,2338,3527,3978,4377,5850,5935,6278,6370,7281,7936,8307,8338,8645,9275,9727],[4.42484663185681,0.691153161953081,4.270695952029551,4.42484663185681,4.42484663185681,4.607168188650764,4.270695952029551,5.523458920524919,2.60568818844064,0.691153161953081,3.914021008090819,5.117993812416755,4.019381523748645,0.6714286566053024,0.691153161953081,4.137164559405029,0.691153161953081,3.8187108282864943,4.137164559405029,3.8187108282864943])",0.0
F161,"turn, life, task, two, north, myself., true, picture, protect, result, really, subject., firm, certainly, allow, guess, main., —, shocking, claims, immortal, jellyfish, surface, internet.","(10000,[399,503,673,1778,2066,2481,2895,3477,3886,4112,4728,4835,5850,7188,7235,7281,7936,8338,8451,8660,8894,9189,9668,9876],[3.4440173788450834,0.691153161953081,4.137164559405029,4.270695952029551,2.7508701982851385,4.137164559405029,5.117993812416755,4.607168188650764,3.914021008090819,4.137164559405029,3.7316994512968646,4.607168188650764,0.691153161953081,4.019381523748645,3.914021008090819,0.6714286566053024,0.691153161953081,0.691153161953081,4.607168188650764,4.137164559405029,4.019381523748645,4.830311739964974,5.117993812416755,2.7508701982851385])",0.0
F147,"second, expect, feeling., bar, party, through., —, shocking, claims, secret, cure, surface, internet.","(10000,[503,781,1379,3691,3892,5643,5850,6747,7281,7332,7936,8338,9256],[0.691153161953081,5.117993812416755,3.914021008090819,4.137164559405029,2.5530444549552183,5.117993812416755,0.691153161953081,2.5530444549552183,0.6714286566053024,3.914021008090819,0.691153161953081,0.691153161953081,4.830311739964974])",0.0
F018,"mrs, customer, billion, increase, health, century, thus., social, already, television, may, far, word., —, shocking, claims, secret, cure, surface, internet.","(10000,[258,503,594,823,1413,2849,3892,4158,5006,5850,6747,7281,7841,7936,7963,8338,8713,8805,9160,9751],[4.019381523748645,0.691153161953081,4.137164559405029,4.137164559405029,3.7316994512968646,5.117993812416755,2.5530444549552183,4.137164559405029,5.117993812416755,0.691153161953081,2.5530444549552183,0.6714286566053024,3.7316994512968646,0.691153161953081,3.8187108282864943,0.691153161953081,4.137164559405029,4.42484663185681,4.607168188650764,3.914021008090819])",0.0
F211,"career, book, view, of., company, pull, yet., charge, condition, teach, bill, understand, build., —, shocking, claims, celebrity, scandal, surface, internet.","(10000,[393,503,942,2759,3486,3882,4921,4930,5328,5598,5850,6487,6597,6812,7281,7293,7936,8135,8338,8522],[4.137164559405029,0.691153161953081,4.270695952029551,5.523458920524919,2.849310271098391,4.830311739964974,2.849310271098391,3.914021008090819,3.6516567436233283,4.830311739964974,0.691153161953081,3.5085558999826545,4.270695952029551,4.270695952029551,0.6714286566053024,4.270695952029551,0.691153161953081,3.914021008090819,0.691153161953081,4.019381523748645])",0.0
R117,"system, show, ready, finally, old, meet, doctor., serve, effort, thus, home, score, author., stuff, peace, find, process, appear, prove., experts, discuss, ongoing, developments, research.","(10000,[373,1725,1817,1927,3365,3614,3996,4019,4506,4687,5105,5684,5726,6557,6697,7066,7083,7229,7510,7722,8040,8182,9462,9940],[5.117993812416755,4.830311739964974,3.8187108282864943,4.42484663185681,4.270695952029551,0.691153161953081,4.137164559405029,3.914021008090819,0.691153161953081,0.691153161953081,5.523458920524919,4.607168188650764,3.7316994512968646,4.607168188650764,4.607168188650764,2.849310271098391,4.137164559405029,4.830311739964974,4.607168188650764,4.270695952029551,3.577548771469606,4.270695952029551,0.691153161953081,4.137164559405029])",1.0
F016,"talk, pay, instead., human, focus, shake, tax., hair, sign, month, pick, opportunity, state., —, shocking, claims, aliens, surface, internet.","(10000,[503,650,1955,2180,3931,4529,4897,5741,5850,6756,6976,7281,7372,7664,7936,8303,8338,8925,8929],[0.691153161953081,2.958509563063383,5.117993812416755,4.42484663185681,3.8187108282864943,4.830311739964974,4.830311739964974,4.42484663185681,0.691153161953081,3.3262343431887,4.270695952029551,0.6714286566053024,4.137164559405029,4.270695952029551,0.691153161953081,4.607168188650764,0.691153161953081,4.270695952029551,5.117993812416755])",0.0
F029,"dark, car, ball, step, production., public, manager, respond, election, material, behind, key, address., good, attack, plant, every, prepare, find, price., —, shocking, claims, flat, earth, surface, internet.","(10000,[26,132,503,697,1259,1558,1640,1652,1770,2286,2500,2918,3131,3231,3674,4346,5693,5850,6168,7244,7281,7492,7510,7936,8338,9676,9681],[4.607168188650764,3.8187108282864943,0.691153161953081,4.270695952029551,3.6516567436233283,4.137164559405029,5.117993812416755,4.019381523748645,2.920769235080536,4.137164559405029,4.019381523748645,3.0385522707369192,4.830311739964974,5.117993812416755,4.019381523748645,4.137164559405029,4.270695952029551,0.691153161953081,4.607168188650764,3.6516567436233283,0.6714286566053024,4.137164559405029,4.607168188650764,0.691153161953081,0.691153161953081,3.0385522707369192,4.42484663185681])",0.0
F205,"happy, cell, argue, plan, team, realize., south, minute, region, story, short, hold., probably, particular, court, big, participant., —, shocking, claims, celebrity, scandal, surface, internet.","(10000,[23,468,503,1262,1762,2297,2710,3048,3210,3357,3486,3730,4568,4816,4921,5347,5850,6123,6855,7281,7936,8159,8338,8984],[4.607168188650764,4.42484663185681,0.691153161953081,4.137164559405029,4.019381523748645,4.607168188650764,5.523458920524919,4.137164559405029,4.607168188650764,3.914021008090819,2.849310271098391,4.019381523748645,4.270695952029551,4.42484663185681,2.849310271098391,4.830311739964974,0.691153161953081,4.137164559405029,4.019381523748645,0.6714286566053024,0.691153161953081,4.019381523748645,0.691153161953081,4.019381523748645])",0.0
R112,"reveal, fast, professor, seven, describe., begin, despite, computer, culture, writer., behavior, investment, computer, peace, care, sell., experts, discuss, ongoing, developments, economic, growth.","(10000,[735,1301,1310,1507,1513,1562,2543,3614,4506,4687,5310,6697,7309,7850,7857,8151,8645,9034,9144,9263,9462],[4.137164559405029,3.7316994512968646,5.117993812416755,4.607168188650764,4.42484663185681,4.42484663185681,3.8187108282864943,0.691153161953081,0.691153161953081,0.691153161953081,4.137164559405029,4.607168188650764,4.830311739964974,4.42484663185681,5.523458920524919,8.541391904059102,3.8187108282864943,2.8154087194227095,2.7826188965997183,4.42484663185681,0.691153161953081])",1.0
F218,"likely, loss, religious, art, arrive., military, produce, determine, space., everyone, heart, across, ability, hand, natural., —, shocking, claims, government, cover-up, surface, internet.","(10000,[309,503,1098,1648,2259,3423,3681,4237,4293,5329,5842,5850,5877,7074,7281,7734,7854,7936,8338,8893,9808,9813],[3.8187108282864943,0.691153161953081,4.137164559405029,3.914021008090819,2.849310271098391,4.019381523748645,3.914021008090819,4.607168188650764,4.270695952029551,4.137164559405029,4.830311739964974,0.691153161953081,4.607168188650764,3.914021008090819,0.6714286566053024,4.42484663185681,5.523458920524919,0.691153161953081,0.691153161953081,4.019381523748645,3.7316994512968646,2.997730276216664])",0.0
R187,"establish, result, side, court, seat., ground, policy, west, hotel, people., street, black, set, positive, collection, age., experts, discuss, ongoing, developments, education.","(10000,[1,399,1268,1948,2663,2923,3166,3614,3684,4142,4262,4506,4568,4687,5047,5085,5342,6487,8209,9462,9781],[4.830311739964974,3.4440173788450834,4.607168188650764,3.8187108282864943,4.42484663185681,4.607168188650764,5.117993812416755,0.691153161953081,3.914021008090819,4.42484663185681,5.523458920524919,0.691153161953081,4.270695952029551,0.691153161953081,2.661258039595451,3.914021008090819,4.42484663185681,3.5085558999826545,3.914021008090819,0.691153161953081,4.019381523748645])",1.0
F087,"follow, tonight, coach, watch, color., away, investment, stage, leave, measure, two., person, list, democratic, management, imagine, information, director., —, shocking, claims, celebrity, scandal, surface, internet.","(10000,[30,141,503,528,1241,1562,2494,2708,2913,3249,3389,3486,3514,3737,4921,5301,5606,5850,7281,7936,8190,8338,8408,8728,9367],[4.019381523748645,5.117993812416755,0.691153161953081,3.8187108282864943,3.577548771469606,4.42484663185681,5.117993812416755,3.914021008090819,3.383392757028649,3.5085558999826545,4.830311739964974,2.849310271098391,4.607168188650764,3.7316994512968646,2.849310271098391,4.42484663185681,3.6516567436233283,0.691153161953081,0.6714286566053024,0.691153161953081,3.914021008090819,0.691153161953081,4.270695952029551,4.607168188650764,4.607168188650764])",0.0
R171,"data, heart, election, doctor, method, effort., age, accept, friend, their., article, girl, loss, hotel., experts, discuss, ongoing, developments, education.","(10000,[132,488,777,1029,1695,1702,2657,2912,3614,4108,4506,4687,5047,5169,5329,6015,8791,9462,9808],[3.8187108282864943,3.7316994512968646,4.42484663185681,3.914021008090819,4.270695952029551,3.7316994512968646,3.8187108282864943,4.607168188650764,0.691153161953081,5.117993812416755,0.691153161953081,0.691153161953081,2.661258039595451,5.117993812416755,4.137164559405029,4.607168188650764,4.137164559405029,0.691153161953081,3.7316994512968646])",1.0
R113,"marriage, car, treatment, indicate., quite, reach, possible, reflect, little, sing, wind., experts, discuss, ongoing, developments, technology, breakthrough.","(10000,[1020,1590,1978,2227,3614,3674,4506,4528,4687,5321,6056,6100,6229,6451,8015,8386,9462],[2.6330871626287546,3.914021008090819,4.830311739964974,2.7200985396183848,0.691153161953081,4.019381523748645,0.691153161953081,4.830311739964974,0.691153161953081,4.019381523748645,4.42484663185681,4.137164559405029,4.137164559405029,3.383392757028649,5.117993812416755,4.830311739964974,0.691153161953081])",1.0
R222,"traditional, station, behavior, television., prove, stuff, represent, specific., across, respond, hit, contain, reason, maybe, among., experts, discuss, ongoing, developments, public, health.","(10000,[264,735,1365,1770,2071,2500,2944,3614,4486,4506,4687,4818,5214,6219,7074,7493,7722,8252,8415,8717,9462],[4.607168188650764,4.137164559405029,4.42484663185681,2.920769235080536,4.830311739964974,4.019381523748645,4.137164559405029,0.691153161953081,3.914021008090819,0.691153161953081,0.691153161953081,5.117993812416755,4.607168188650764,3.125563647726549,3.914021008090819,4.270695952029551,4.270695952029551,4.137164559405029,4.270695952029551,4.019381523748645,0.691153161953081])",1.0
F233,"movie, also, fact, next, song, prevent, character., —, shocking, claims, secret, cure, surface, internet.","(10000,[503,1439,3252,3792,3892,5850,6747,7215,7281,7350,7936,8273,8338,8530],[0.691153161953081,3.5085558999826545,4.137164559405029,3.577548771469606,2.5530444549552183,0.691153161953081,2.5530444549552183,3.914021008090819,0.6714286566053024,4.019381523748645,0.691153161953081,4.42484663185681,0.691153161953081,5.523458920524919])",0.0
R223,"case, result, day, television, small., bill, last, air, ten., structure, chair, eat, top, customer, again., experts, discuss, ongoing, developments, climate, change.","(10000,[88,399,681,821,1413,1898,2059,2996,3445,3614,3989,4506,4687,5328,6342,7276,8135,8713,9133,9415,9462],[4.019381523748645,3.4440173788450834,4.607168188650764,2.849310271098391,3.7316994512968646,5.117993812416755,2.661258039595451,3.5085558999826545,5.523458920524919,0.691153161953081,4.270695952029551,0.691153161953081,0.691153161953081,3.6516567436233283,5.523458920524919,4.42484663185681,3.914021008090819,4.137164559405029,5.117993812416755,5.117993812416755,0.691153161953081])",1.0
F224,"fill, pm, manager, operation, remain., whatever, cell, build., —, shocking, claims, secret, cure, surface, internet.","(10000,[503,1652,2604,3210,3892,5598,5850,5922,6747,7026,7281,7695,7936,8338,9727],[0.691153161953081,4.019381523748645,5.117993812416755,4.607168188650764,2.5530444549552183,4.830311739964974,0.691153161953081,4.270695952029551,2.5530444549552183,3.914021008090819,0.6714286566053024,4.019381523748645,0.691153161953081,0.691153161953081,3.8187108282864943])",0.0
R181,"word, democrat, short, house., group, office, customer, far., experts, discuss, ongoing, developments, climate, change.","(10000,[821,1262,1413,2059,2571,3519,3614,3756,4506,4687,5234,7766,8344,9462],[2.849310271098391,4.137164559405029,3.7316994512968646,2.661258039595451,5.523458920524919,4.607168188650764,0.691153161953081,4.607168188650764,0.691153161953081,0.691153161953081,4.42484663185681,3.914021008090819,3.914021008090819,0.691153161953081])",1.0
R056,"staff, generation, whole, southern, believe, clearly, truth, prevent., throw, home, close, organization, natural, wrong., agree, yeah, full, poor., experts, discuss, ongoing, developments, public, health.","(10000,[533,627,1364,1770,2069,2338,2613,3249,3365,3497,3614,3743,4506,4687,4905,4988,6219,6224,6925,6963,8238,8325,8897,9462],[4.42484663185681,4.607168188650764,4.42484663185681,2.920769235080536,3.914021008090819,4.607168188650764,4.830311739964974,3.5085558999826545,4.270695952029551,4.019381523748645,0.691153161953081,4.270695952029551,0.691153161953081,0.691153161953081,5.117993812416755,4.830311739964974,3.125563647726549,4.019381523748645,4.42484663185681,3.8187108282864943,4.270695952029551,4.270695952029551,4.270695952029551,0.691153161953081])",1.0
R110,"painting, product, describe, it., unit, specific., experts, discuss, ongoing, developments, education.","(10000,[264,447,1034,3614,4506,4687,5047,6335,7085,7805,9462],[4.607168188650764,4.270695952029551,4.270695952029551,0.691153161953081,0.691153161953081,0.691153161953081,2.661258039595451,4.42484663185681,4.270695952029551,4.607168188650764,0.691153161953081])",1.0
R219,"exist, floor, medical, event, memory, day., better, table, talk, always, option, consider., thus, political, sort., experts, discuss, ongoing, developments, education.","(10000,[1842,2543,3614,3931,3935,4319,4506,4687,5047,5684,6602,6751,6941,7728,8268,8925,9011,9311,9462,9613],[5.117993812416755,3.8187108282864943,0.691153161953081,3.8187108282864943,3.6516567436233283,3.5085558999826545,0.691153161953081,0.691153161953081,2.661258039595451,4.607168188650764,4.270695952029551,4.830311739964974,4.830311739964974,4.137164559405029,3.7316994512968646,4.270695952029551,4.607168188650764,4.830311739964974,0.691153161953081,4.137164559405029])",1.0
R224,"ask, stock, whose, about., feel, bring, yet, talk, word, per, actually., instead, beat, know, western, school, walk, eight., experts, discuss, ongoing, developments, education.","(10000,[298,460,524,793,2176,2569,2679,3057,3115,3507,3519,3614,3888,4037,4506,4527,4687,5047,6142,7779,8925,9462,9539],[4.019381523748645,4.830311739964974,3.577548771469606,4.42484663185681,5.523458920524919,3.5085558999826545,4.607168188650764,4.270695952029551,4.607168188650764,4.42484663185681,4.607168188650764,0.691153161953081,4.607168188650764,4.019381523748645,0.691153161953081,4.270695952029551,0.691153161953081,2.661258039595451,4.137164559405029,4.019381523748645,4.270695952029551,0.691153161953081,4.137164559405029])",1.0
F178,"evidence, citizen, open, thing., wind, position, heart, protect, lose, deal, fill, degree., —, shocking, claims, immortal, jellyfish, surface, internet.","(10000,[8,503,1339,1433,2054,2066,2558,2735,4422,4928,5783,5850,7235,7281,7936,8338,9727,9808,9876],[4.830311739964974,0.691153161953081,4.019381523748645,4.270695952029551,4.137164559405029,2.7508701982851385,4.270695952029551,5.523458920524919,4.42484663185681,4.607168188650764,4.137164559405029,0.691153161953081,3.914021008090819,0.6714286566053024,0.691153161953081,0.691153161953081,3.8187108282864943,3.7316994512968646,2.7508701982851385])",0.0
F074,"travel, public, require, late., follow, step, lose, federal, environmental., discussion, parent, us, safe, necessary, indicate, difficult., —, shocking, claims, secret, cure, surface, internet.","(10000,[503,633,1558,1770,3892,4422,5315,5850,6151,6485,6660,6747,7281,7337,7642,7936,7979,8338,8449,8681,9216,9367,9932],[0.691153161953081,4.270695952029551,4.137164559405029,2.920769235080536,2.5530444549552183,4.42484663185681,4.42484663185681,0.691153161953081,5.117993812416755,4.019381523748645,4.42484663185681,2.5530444549552183,0.6714286566053024,5.117993812416755,4.607168188650764,0.691153161953081,4.42484663185681,0.691153161953081,4.019381523748645,4.137164559405029,5.117993812416755,4.607168188650764,4.137164559405029])",0.0
R034,"impact, analysis, democratic, less, everybody, east, condition, item., top, scene, bit, institution., give, idea, face, fill., experts, discuss, ongoing, developments, budget, report.","(10000,[453,1195,1296,1972,1989,2561,3614,3783,4034,4506,4687,4991,5328,5432,5606,5844,5958,6576,7180,7299,9462],[3.914021008090819,4.137164559405029,3.8187108282864943,4.42484663185681,4.137164559405029,4.019381523748645,0.691153161953081,3.6516567436233283,5.117993812416755,0.691153161953081,0.691153161953081,2.6330871626287546,7.3033134872466565,2.6902455764687034,3.6516567436233283,4.270695952029551,3.8187108282864943,3.7316994512968646,5.117993812416755,5.117993812416755,0.691153161953081])",1.0
R095,"free, imagine, reveal, election, role, contain, will., effort, decision, still, capital., federal, north, group, care, whatever, guy., short, term, determine., experts, discuss, ongoing, developments, policy.","(10000,[101,132,633,1073,1262,1507,1778,2188,2193,3350,3614,3712,4506,4687,4775,5301,5310,5726,6944,7493,7695,7766,8512,8656,9462],[5.117993812416755,3.8187108282864943,4.270695952029551,3.914021008090819,4.137164559405029,4.607168188650764,4.270695952029551,4.270695952029551,3.6516567436233283,4.019381523748645,0.691153161953081,4.42484663185681,0.691153161953081,0.691153161953081,5.117993812416755,4.42484663185681,4.137164559405029,3.7316994512968646,2.849310271098391,4.270695952029551,4.019381523748645,3.914021008090819,5.117993812416755,5.117993812416755,0.691153161953081])",1.0
F011,"movie, avoid, week., hour, start, animal, weight., first, despite, shoulder, hour, according, staff., —, shocking, claims, aliens, surface, internet.","(10000,[288,503,527,650,1301,1388,1439,2302,2996,5850,6403,6756,7281,7360,7564,7936,8338,9073],[4.607168188650764,0.691153161953081,8.274329118810059,2.958509563063383,3.7316994512968646,4.607168188650764,3.5085558999826545,5.117993812416755,3.5085558999826545,0.691153161953081,4.137164559405029,3.3262343431887,0.6714286566053024,4.019381523748645,3.7316994512968646,0.691153161953081,0.691153161953081,5.117993812416755])",0.0
R162,"never, four, generation, turn, matter, style, mean., wrong, card, effect, hold, walk, fall., book, new, say., experts, discuss, ongoing, developments, policy.","(10000,[281,393,585,1243,2144,2389,2402,3488,3614,3886,4506,4687,5739,6142,6324,6512,6944,6963,8000,8457,9462],[4.019381523748645,4.137164559405029,3.7316994512968646,4.270695952029551,4.607168188650764,4.42484663185681,3.8187108282864943,5.117993812416755,0.691153161953081,3.914021008090819,0.691153161953081,0.691153161953081,5.117993812416755,4.137164559405029,5.117993812416755,4.42484663185681,2.849310271098391,3.8187108282864943,4.607168188650764,5.523458920524919,0.691153161953081])",1.0
R218,"mouth, third, wall, institution, huge, hundred., experts, discuss, ongoing, developments, election.","(10000,[2198,3243,3556,3614,4506,4687,6404,7497,7692,8771,9462],[4.42484663185681,4.270695952029551,2.7826188965997183,0.691153161953081,0.691153161953081,0.691153161953081,4.270695952029551,3.8187108282864943,4.830311739964974,4.270695952029551,0.691153161953081])",1.0
F136,"country, fall, story, color, yeah, song, generation., positive, enough, security, dream, environmental, indicate., —, shocking, claims, miracle, drug, surface, internet.","(10000,[1,503,1256,2366,2634,3249,3729,4528,4695,4748,5850,6027,6855,7281,7350,7860,7870,7936,8338,9832],[4.830311739964974,0.691153161953081,3.125563647726549,4.270695952029551,4.270695952029551,3.5085558999826545,4.270695952029551,4.830311739964974,5.117993812416755,4.270695952029551,0.691153161953081,4.830311739964974,4.019381523748645,0.6714286566053024,4.019381523748645,2.997730276216664,4.270695952029551,0.691153161953081,0.691153161953081,3.914021008090819])",0.0
R108,"whatever, trade, strong., base, nature, race, share, well, instead, meeting., experts, discuss, ongoing, developments, economic, growth.","(10000,[157,278,419,454,3611,3614,3947,4506,4527,4687,7032,7695,8173,9034,9144,9462],[3.6516567436233283,5.523458920524919,4.42484663185681,3.7316994512968646,4.137164559405029,0.691153161953081,4.607168188650764,0.691153161953081,4.270695952029551,0.691153161953081,4.830311739964974,4.019381523748645,3.6516567436233283,2.8154087194227095,2.7826188965997183,0.691153161953081])",1.0
R186,"senior, partner, yes, age, eight, writer, that., require, along, forward, fund, star, expert, mrs., experts, discuss, ongoing, developments, research.","(10000,[116,641,914,2840,3614,4144,4506,4638,4687,5044,5170,6508,6906,7066,8411,8449,8482,8791,9462],[4.270695952029551,5.523458920524919,5.117993812416755,4.830311739964974,0.691153161953081,3.8187108282864943,0.691153161953081,3.5085558999826545,0.691153161953081,4.607168188650764,5.117993812416755,5.117993812416755,4.270695952029551,2.849310271098391,3.7316994512968646,4.019381523748645,3.577548771469606,4.137164559405029,0.691153161953081])",1.0
R248,"ok, particular, view, behind., remain, defense, commercial, offer, son, exist, deal, his., growth, month, work, safe, increase., experts, discuss, ongoing, developments, technology, breakthrough.","(10000,[209,320,1020,1433,2227,2645,2958,3543,3614,3754,4506,4687,5205,5741,6443,6602,6623,7293,7642,8271,8984,9462,9527],[4.42484663185681,4.019381523748645,2.6330871626287546,4.270695952029551,2.7200985396183848,4.137164559405029,4.270695952029551,3.914021008090819,0.691153161953081,4.830311739964974,0.691153161953081,0.691153161953081,4.137164559405029,4.42484663185681,3.7316994512968646,4.270695952029551,4.607168188650764,4.270695952029551,4.607168188650764,4.830311739964974,4.019381523748645,0.691153161953081,4.607168188650764])",1.0
F045,"century, enjoy, quite, water, defense, daughter, democrat., party, establish, spring, fear, ready, newspaper, society., defense, group, choose, school., —, shocking, claims, immortal, jellyfish, surface, internet.","(10000,[503,1211,1379,1644,1805,2066,2589,2923,3238,3543,5248,5850,6056,6557,7281,7623,7766,7841,7936,8338,9513,9706,9876,9924],[0.691153161953081,4.830311739964974,3.914021008090819,3.7316994512968646,4.270695952029551,2.7508701982851385,4.019381523748645,4.607168188650764,3.914021008090819,7.828042016181638,5.523458920524919,0.691153161953081,4.42484663185681,4.607168188650764,0.6714286566053024,4.137164559405029,3.914021008090819,3.7316994512968646,0.691153161953081,0.691153161953081,3.914021008090819,4.019381523748645,2.7508701982851385,5.117993812416755])",0.0
F092,"respond, data, attention, arm, it., research, position, throughout, leave, name., decision, smile, throughout, idea, increase, project, attention., rock, another, evening, dog., —, shocking, claims, secret, cure, surface, internet.","(10000,[503,574,1122,1339,1695,2193,2230,2500,2713,2913,3144,3892,3984,5286,5850,5948,5958,6747,7281,7805,7936,7963,8166,8203,8338,8919,9432],[0.691153161953081,4.42484663185681,4.607168188650764,4.019381523748645,4.270695952029551,3.6516567436233283,4.270695952029551,4.019381523748645,4.137164559405029,3.383392757028649,3.8187108282864943,2.5530444549552183,4.019381523748645,4.42484663185681,0.691153161953081,8.541391904059102,3.8187108282864943,2.5530444549552183,0.6714286566053024,4.607168188650764,0.691153161953081,3.8187108282864943,4.270695952029551,5.117993812416755,0.691153161953081,4.830311739964974,3.914021008090819])",0.0
R100,"southern, fill, night, force, civil, run, use., fall, sometimes, future, black, without, relationship, blue., much, direction, piece, whose, choose., experts, discuss, ongoing, developments, technology, breakthrough.","(10000,[266,391,524,593,1020,1948,2227,2722,3133,3614,3729,3743,4043,4260,4333,4506,4687,5869,6488,6869,8554,9021,9462,9539,9727],[4.270695952029551,3.4440173788450834,3.577548771469606,4.607168188650764,2.6330871626287546,3.8187108282864943,2.7200985396183848,5.523458920524919,4.270695952029551,0.691153161953081,4.270695952029551,4.270695952029551,4.42484663185681,4.42484663185681,5.523458920524919,0.691153161953081,0.691153161953081,4.42484663185681,4.42484663185681,4.270695952029551,4.270695952029551,4.019381523748645,0.691153161953081,4.137164559405029,3.8187108282864943])",1.0
F075,"receive, degree, start, less, something., green, half, per, audience., suffer, help, kid, network, call., —, shocking, claims, miracle, drug, surface, internet.","(10000,[298,503,551,1195,1256,1780,2996,3177,3244,3723,4240,4617,5850,6135,7281,7860,7936,8338,9152,9347,9943],[4.019381523748645,0.691153161953081,4.270695952029551,4.137164559405029,3.125563647726549,4.270695952029551,3.5085558999826545,5.117993812416755,5.117993812416755,3.7316994512968646,5.523458920524919,4.019381523748645,0.691153161953081,4.019381523748645,0.6714286566053024,2.997730276216664,0.691153161953081,0.691153161953081,4.607168188650764,4.137164559405029,4.137164559405029])",0.0
R059,"evidence, term, rich, bad, soon, green., experts, discuss, ongoing, developments, technology, breakthrough.","(10000,[1020,1041,2054,2188,2227,3614,4506,4687,6212,7016,7956,9462],[2.6330871626287546,4.42484663185681,4.137164559405029,4.270695952029551,2.7200985396183848,0.691153161953081,0.691153161953081,0.691153161953081,4.270695952029551,4.607168188650764,5.117993812416755,0.691153161953081])",1.0
F213,"base, article, look, generation, yard, line., yet, live, board, couple, increase, hot., —, shocking, claims, hoax, surface, internet.","(10000,[424,493,503,1702,2115,4037,4377,4498,5850,6963,7281,7454,7702,7936,7963,8173,8338,9939],[4.137164559405029,4.137164559405029,0.691153161953081,3.7316994512968646,5.117993812416755,4.019381523748645,2.60568818844064,5.523458920524919,0.691153161953081,3.8187108282864943,0.6714286566053024,4.42484663185681,4.019381523748645,0.691153161953081,3.8187108282864943,3.6516567436233283,0.691153161953081,4.019381523748645])",0.0
R233,"lose, grow, represent, save, book, young., executive, student, sing, section, memory, onto, determine., experts, discuss, ongoing, developments, education.","(10000,[393,2404,3536,3614,4319,4422,4506,4520,4687,5047,5252,6451,6941,6968,8512,8717,9462,9966],[4.137164559405029,4.270695952029551,4.137164559405029,0.691153161953081,3.5085558999826545,4.42484663185681,0.691153161953081,4.137164559405029,0.691153161953081,2.661258039595451,4.830311739964974,3.383392757028649,4.830311739964974,4.019381523748645,5.117993812416755,4.019381523748645,0.691153161953081,4.270695952029551])",1.0
F072,"company, south, real, office, seat., turn, region, hot, car, approach, while., administration, according, pretty, state, such., —, shocking, claims, mind, control, surface, internet.","(10000,[503,942,1208,1268,1808,3095,3184,3629,3674,3886,3919,4816,5185,5850,7281,7564,7936,8159,8338,8344,8391,9691,9693],[0.691153161953081,4.270695952029551,2.7826188965997183,4.607168188650764,4.019381523748645,4.607168188650764,2.920769235080536,4.830311739964974,4.019381523748645,3.914021008090819,4.830311739964974,4.42484663185681,3.8187108282864943,0.691153161953081,0.6714286566053024,3.7316994512968646,0.691153161953081,4.019381523748645,0.691153161953081,3.914021008090819,4.607168188650764,3.914021008090819,4.270695952029551])",0.0
R184,"challenge, check, defense., cost, wear, admit, phone, either, morning, interview., experts, discuss, ongoing, developments, budget, report.","(10000,[176,1626,3160,3614,3901,4490,4506,4687,4991,5138,5432,5935,6581,8714,9126,9462],[5.523458920524919,4.137164559405029,4.42484663185681,0.691153161953081,4.137164559405029,4.019381523748645,0.691153161953081,0.691153161953081,2.6330871626287546,5.117993812416755,2.6902455764687034,3.914021008090819,4.830311739964974,4.830311739964974,4.019381523748645,0.691153161953081])",1.0
F134,"rock, sort, goal, sort, style, production., north, share, later, piece., —, shocking, claims, secret, cure, surface, internet.","(10000,[503,560,574,1640,1778,3892,3947,5089,5720,5850,6747,7281,7936,8000,8338,9784],[0.691153161953081,4.270695952029551,4.42484663185681,5.117993812416755,4.270695952029551,2.5530444549552183,4.607168188650764,3.914021008090819,9.660623479929948,0.691153161953081,2.5530444549552183,0.6714286566053024,0.691153161953081,4.607168188650764,0.691153161953081,4.830311739964974])",0.0
R096,"anyone, fill, interesting, leave, senior, give, couple, low., government, certainly, police, send, movement, station., camera, choose, mr., experts, discuss, ongoing, developments, research.","(10000,[666,673,1290,1650,2259,2913,3614,3634,3783,3876,4144,4506,4687,5294,5471,5523,7066,7702,8546,9462,9706,9727],[3.914021008090819,4.137164559405029,5.523458920524919,4.137164559405029,2.849310271098391,3.383392757028649,0.691153161953081,4.42484663185681,3.6516567436233283,4.270695952029551,3.8187108282864943,0.691153161953081,0.691153161953081,4.137164559405029,4.830311739964974,4.270695952029551,2.849310271098391,4.019381523748645,5.117993812416755,0.691153161953081,4.019381523748645,3.8187108282864943])",1.0
R020,"late, college, music., face., sort, with., experts, discuss, ongoing, developments, policy.","(10000,[1675,3079,3614,4506,4687,5720,6944,7640,8057,9297,9462],[5.523458920524919,3.5085558999826545,0.691153161953081,0.691153161953081,0.691153161953081,4.830311739964974,2.849310271098391,4.607168188650764,3.8187108282864943,4.830311739964974,0.691153161953081])",1.0
R067,"play, operation, suffer, college, law, concern., general, away, forward, guy., whether, article, course, left, weight., experts, discuss, ongoing, developments, policy.","(10000,[288,1662,1702,2173,3406,3614,3652,3737,3979,4506,4687,4775,5465,5922,6135,6944,8057,8411,9462,9719],[4.607168188650764,4.830311739964974,3.7316994512968646,4.830311739964974,4.137164559405029,0.691153161953081,4.019381523748645,3.7316994512968646,4.019381523748645,0.691153161953081,0.691153161953081,5.117993812416755,3.8187108282864943,4.270695952029551,4.019381523748645,2.849310271098391,3.8187108282864943,3.7316994512968646,0.691153161953081,5.117993812416755])",1.0
R215,"four, nice, he., evening, meeting, cup, like, reality, whatever, structure, take., worry, dream, mind, two, process, phone., prevent, impact, protect, sister., experts, discuss, ongoing, developments, education.","(10000,[20,680,1243,1972,2366,2664,2996,3059,3184,3252,3330,3370,3614,4357,4506,4687,4728,5047,5286,7235,7695,8040,8257,8343,9109,9462],[4.270695952029551,4.607168188650764,4.270695952029551,4.42484663185681,4.270695952029551,4.607168188650764,3.5085558999826545,4.270695952029551,2.920769235080536,4.137164559405029,4.019381523748645,4.137164559405029,0.691153161953081,4.830311739964974,0.691153161953081,0.691153161953081,3.7316994512968646,2.661258039595451,4.42484663185681,3.914021008090819,4.019381523748645,3.577548771469606,5.523458920524919,4.607168188650764,4.830311739964974,0.691153161953081])",1.0
R127,"see, nation, force, suggest, old, fire, yes., important, finally, night, mouth, teach., share, political, meet, local, parent., experts, discuss, ongoing, developments, policy.","(10000,[228,391,1817,1967,2601,3614,3935,3947,4014,4506,4687,5191,5354,5459,6869,6944,7083,7497,7816,7958,9462,9940],[4.42484663185681,3.4440173788450834,3.8187108282864943,4.830311739964974,4.607168188650764,0.691153161953081,3.6516567436233283,4.607168188650764,4.270695952029551,0.691153161953081,0.691153161953081,4.137164559405029,4.137164559405029,5.117993812416755,4.270695952029551,2.849310271098391,4.137164559405029,3.8187108282864943,4.270695952029551,5.523458920524919,0.691153161953081,4.137164559405029])",1.0
R235,"hard, room, some., paper, bed, force, training, analysis, standard., cause, foot, unit, rise., experts, discuss, ongoing, developments, technology, breakthrough.","(10000,[316,391,494,1020,1112,1296,2227,3614,4506,4554,4687,5125,6335,7183,7538,7890,8690,9462,9497],[4.42484663185681,3.4440173788450834,4.607168188650764,2.6330871626287546,5.117993812416755,3.8187108282864943,2.7200985396183848,0.691153161953081,0.691153161953081,4.830311739964974,0.691153161953081,4.270695952029551,4.42484663185681,5.117993812416755,4.830311739964974,4.270695952029551,3.8187108282864943,0.691153161953081,4.42484663185681])",1.0
R163,"cut, nation, sit, chance, according, interview, sea, mr., group, pattern, last, design, billion, wife, interest., success, also, call, tough., experts, discuss, ongoing, developments, climate, change.","(10000,[258,346,617,821,1206,1511,2059,3021,3614,3792,3922,3989,4014,4506,4687,5146,5471,6035,6946,7036,7564,7766,9462,9617,9828],[4.019381523748645,4.270695952029551,3.7316994512968646,2.849310271098391,4.019381523748645,5.117993812416755,2.661258039595451,4.830311739964974,0.691153161953081,3.577548771469606,4.830311739964974,4.270695952029551,4.270695952029551,0.691153161953081,0.691153161953081,3.914021008090819,4.830311739964974,3.577548771469606,3.6516567436233283,5.117993812416755,3.7316994512968646,3.914021008090819,0.691153161953081,4.137164559405029,3.8187108282864943])",1.0
R002,"avoid, turn, almost, forget., economy, baby, commercial, sign., race, traditional, reality, above., experts, discuss, ongoing, developments, education.","(10000,[217,454,497,680,1348,1388,2406,3614,3886,4486,4506,4687,5047,6443,8566,9414,9462],[3.7316994512968646,3.7316994512968646,5.117993812416755,4.607168188650764,3.914021008090819,4.607168188650764,4.830311739964974,0.691153161953081,3.914021008090819,3.914021008090819,0.691153161953081,0.691153161953081,2.661258039595451,3.7316994512968646,4.137164559405029,5.523458920524919,0.691153161953081])",1.0
R021,"catch, little, think, product, use, spend, pick, activity., government, smile, fund, republican, lay., mr, soldier, southern., experts, discuss, ongoing, developments, education.","(10000,[353,447,899,1417,1590,2259,2335,2647,2713,3614,4141,4506,4616,4638,4687,5047,5133,7372,7417,7949,9462],[4.137164559405029,4.270695952029551,5.523458920524919,5.117993812416755,3.914021008090819,2.849310271098391,3.6516567436233283,4.607168188650764,4.137164559405029,0.691153161953081,4.607168188650764,0.691153161953081,4.137164559405029,3.5085558999826545,0.691153161953081,2.661258039595451,3.8187108282864943,4.137164559405029,4.830311739964974,3.8187108282864943,0.691153161953081])",1.0
R013,"present, part, type, fly., state, role, learn, exist., minute, three, improve., experts, discuss, ongoing, developments, technology, breakthrough.","(10000,[795,1020,1808,2227,3350,3357,3526,3614,4506,4687,5564,5925,5967,7230,8130,8740,9462],[5.523458920524919,2.6330871626287546,4.019381523748645,2.7200985396183848,4.019381523748645,3.914021008090819,4.019381523748645,0.691153161953081,0.691153161953081,0.691153161953081,5.523458920524919,3.7316994512968646,4.019381523748645,4.830311739964974,4.270695952029551,4.830311739964974,0.691153161953081])",1.0
F195,"everything, least, attention, two., something, mrs, political, fire, mother, hand, beat., budget, role, water., —, shocking, claims, flat, earth, surface, internet.","(10000,[141,354,503,1634,2918,3144,3350,3423,3935,3973,4991,5191,5850,7281,7936,8338,9156,9612,9676,9751,9826],[5.117993812416755,4.607168188650764,0.691153161953081,3.8187108282864943,3.0385522707369192,3.8187108282864943,4.019381523748645,4.019381523748645,3.6516567436233283,5.117993812416755,2.6330871626287546,4.137164559405029,0.691153161953081,0.6714286566053024,0.691153161953081,0.691153161953081,3.914021008090819,5.117993812416755,3.0385522707369192,3.914021008090819,4.019381523748645])",0.0
R101,"available, parent, pm, life, particularly, bank., consumer, loss, something, catch, discuss, have., experts, discuss, ongoing, developments, research.","(10000,[2475,3477,3614,4506,4687,4882,5329,6443,7026,7066,7949,9462,9475,9615,9826,9932],[4.270695952029551,4.607168188650764,1.382306323906162,0.691153161953081,0.691153161953081,5.523458920524919,4.137164559405029,3.7316994512968646,3.914021008090819,2.849310271098391,3.8187108282864943,0.691153161953081,4.137164559405029,5.117993812416755,4.019381523748645,4.137164559405029])",1.0
R055,"difficult, eye, road, or., seat, easy, concern, street, million., experts, discuss, ongoing, developments, research.","(10000,[47,760,1341,1712,1968,3614,3684,4506,4687,5725,7066,7724,9462,9718],[4.830311739964974,4.42484663185681,3.914021008090819,4.019381523748645,3.914021008090819,0.691153161953081,3.914021008090819,0.691153161953081,0.691153161953081,4.019381523748645,2.849310271098391,5.117993812416755,0.691153161953081,5.117993812416755])",1.0
F190,"service, area, ten, thought, difference, leave., wonder, base, type., piece, south, receive, least, risk., pass, large, professional, field, entire., —, shocking, claims, secret, cure, surface, internet.","(10000,[55,503,656,1634,1769,2155,2252,3133,3892,4617,4723,4816,5085,5649,5850,6711,6747,7022,7074,7281,7866,7936,8173,8338,8392,9700],[3.8187108282864943,0.691153161953081,5.117993812416755,3.8187108282864943,5.523458920524919,4.607168188650764,4.830311739964974,4.270695952029551,2.5530444549552183,4.019381523748645,4.137164559405029,4.42484663185681,3.914021008090819,4.270695952029551,0.691153161953081,5.523458920524919,2.5530444549552183,4.137164559405029,3.914021008090819,0.6714286566053024,4.42484663185681,0.691153161953081,3.6516567436233283,0.691153161953081,4.607168188650764,5.117993812416755])",0.0
R004,"investment, strong, trip, past, garden, might, ground., series, employee, police., worker, economic, give, baby, key, chance, section., experts, discuss, ongoing, developments, education.","(10000,[346,1133,1348,1562,2676,3131,3614,3783,3924,4391,4463,4506,4687,5047,5782,5936,6355,6548,8678,9144,9275,9462],[4.270695952029551,4.830311739964974,3.914021008090819,4.42484663185681,4.42484663185681,4.830311739964974,0.691153161953081,3.6516567436233283,4.607168188650764,5.117993812416755,4.607168188650764,0.691153161953081,0.691153161953081,2.661258039595451,4.42484663185681,4.019381523748645,4.137164559405029,4.137164559405029,4.830311739964974,2.7826188965997183,4.137164559405029,0.691153161953081])",1.0
F080,"onto, situation, phone, source, check, single., glass, nearly, body, will., know, anyone, interview, treat, lawyer, a., —, shocking, claims, celebrity, scandal, surface, internet.","(10000,[503,666,841,1626,2866,3136,3486,3489,3901,4319,4921,5850,6035,6932,7281,7721,7779,7936,8338,8389,8656,8750,9021],[0.691153161953081,3.914021008090819,4.607168188650764,4.137164559405029,3.914021008090819,4.607168188650764,2.849310271098391,4.830311739964974,4.137164559405029,3.5085558999826545,2.849310271098391,0.691153161953081,3.577548771469606,4.830311739964974,0.6714286566053024,4.137164559405029,4.019381523748645,0.691153161953081,0.691153161953081,5.117993812416755,5.117993812416755,4.42484663185681,4.019381523748645])",0.0
F049,"letter, simple, end., whose, subject, generation., —, shocking, claims, hoax, surface, internet.","(10000,[503,564,2913,4377,4695,4959,5850,7281,7936,8338,8655,9539],[0.691153161953081,4.270695952029551,3.383392757028649,2.60568818844064,5.117993812416755,4.019381523748645,0.691153161953081,0.6714286566053024,0.691153161953081,0.691153161953081,4.42484663185681,4.137164559405029])",0.0
F184,"eye, performance, culture, base., network, firm, experience, major, laugh., section, democratic, seat, better, cost, himself., —, shocking, claims, secret, cure, surface, internet.","(10000,[47,503,1058,1341,2543,3635,3673,3792,3892,4490,5606,5850,6747,6838,6968,7281,7936,8338,8645,8894,9152,9351],[4.830311739964974,0.691153161953081,4.42484663185681,3.914021008090819,3.8187108282864943,5.117993812416755,5.523458920524919,3.577548771469606,2.5530444549552183,4.019381523748645,3.6516567436233283,0.691153161953081,2.5530444549552183,4.830311739964974,4.019381523748645,0.6714286566053024,0.691153161953081,0.691153161953081,3.8187108282864943,4.019381523748645,4.607168188650764,4.270695952029551])",0.0
F030,"relate, mouth, care, consumer, wall, interview., subject, remain, industry, responsibility, lead., create, paper, live, consider., —, shocking, claims, secret, cure, surface, internet.","(10000,[493,503,988,1404,3010,3502,3892,5138,5205,5310,5850,6404,6747,6751,7281,7386,7497,7936,8338,8655,8690,9475],[4.137164559405029,0.691153161953081,3.914021008090819,4.019381523748645,4.137164559405029,4.019381523748645,2.5530444549552183,5.117993812416755,4.137164559405029,4.137164559405029,0.691153161953081,4.270695952029551,2.5530444549552183,4.830311739964974,0.6714286566053024,5.117993812416755,3.8187108282864943,0.691153161953081,0.691153161953081,4.42484663185681,3.8187108282864943,4.137164559405029])",0.0
R213,"direction, expert, threat., light, address, try, suddenly., war, outside, painting, professor, simply., experts, discuss, ongoing, developments, budget, report.","(10000,[816,914,1034,1720,2041,2543,3475,3614,4454,4506,4687,4693,4991,5432,8554,8568,8719,9462],[4.830311739964974,5.117993812416755,4.270695952029551,4.137164559405029,4.830311739964974,3.8187108282864943,5.523458920524919,0.691153161953081,4.607168188650764,0.691153161953081,0.691153161953081,4.137164559405029,2.6330871626287546,2.6902455764687034,4.270695952029551,4.830311739964974,4.42484663185681,0.691153161953081])",1.0
F128,"whether, line, six., century, season, yeah, artist., —, shocking, claims, immortal, jellyfish, surface, internet.","(10000,[503,1182,2066,2358,3004,3249,3406,5850,7117,7281,7841,7936,8338,9876],[0.691153161953081,4.270695952029551,2.7508701982851385,4.270695952029551,5.117993812416755,3.5085558999826545,4.137164559405029,0.691153161953081,4.830311739964974,0.6714286566053024,3.7316994512968646,0.691153161953081,0.691153161953081,2.7508701982851385])",0.0
R231,"carry, rate, similar, hour., car, certainly, hospital, low, determine, involve., raise, activity, american, friend, shoulder, agreement., area, son, alone, seem, admit., experts, discuss, ongoing, developments, policy.","(10000,[209,253,454,488,673,2492,2588,3527,3614,3674,3761,4506,4687,4930,5649,6756,6944,7046,7108,7652,7734,7825,8110,8411,9462,9892],[4.42484663185681,4.42484663185681,3.7316994512968646,3.7316994512968646,4.137164559405029,3.7316994512968646,5.523458920524919,4.270695952029551,0.691153161953081,4.019381523748645,4.607168188650764,0.691153161953081,0.691153161953081,3.914021008090819,4.270695952029551,3.3262343431887,2.849310271098391,4.607168188650764,5.117993812416755,4.607168188650764,4.42484663185681,5.117993812416755,4.830311739964974,3.7316994512968646,0.691153161953081,4.607168188650764])",1.0
R061,"success, staff, through., something, send, whose, use, standard, finish, wait., goal, popular, picture, indicate, score., experts, discuss, ongoing, developments, technology, breakthrough.","(10000,[781,1020,2227,2481,2967,3614,4506,4687,5089,5133,5523,6063,6148,6224,6485,6578,7195,9462,9539,9826,9828],[5.117993812416755,2.6330871626287546,2.7200985396183848,4.137164559405029,4.607168188650764,0.691153161953081,0.691153161953081,0.691153161953081,3.914021008090819,3.8187108282864943,4.270695952029551,4.42484663185681,4.270695952029551,4.019381523748645,4.019381523748645,3.8187108282864943,5.523458920524919,0.691153161953081,4.137164559405029,4.019381523748645,3.8187108282864943])",1.0
R137,"feel, exist, four, election., song, live, place, own., detail, subject, build, prepare, civil, well., experts, discuss, ongoing, developments, education.","(10000,[493,593,1143,1243,2286,3014,3115,3556,3614,4506,4687,5047,6390,6602,7350,7813,8655,8833,9462],[4.137164559405029,4.607168188650764,3.914021008090819,4.270695952029551,4.137164559405029,5.117993812416755,4.607168188650764,2.7826188965997183,0.691153161953081,0.691153161953081,0.691153161953081,2.661258039595451,4.270695952029551,4.270695952029551,4.019381523748645,5.523458920524919,4.42484663185681,5.523458920524919,0.691153161953081])",1.0
R185,"religious, discover, social, send., skill, operation, song., experts, discuss, ongoing, developments, technology, breakthrough.","(10000,[823,1020,2227,3614,4170,4293,4506,4687,5922,5952,6934,9462,9968],[4.137164559405029,2.6330871626287546,2.7200985396183848,0.691153161953081,4.019381523748645,4.270695952029551,0.691153161953081,0.691153161953081,4.270695952029551,5.117993812416755,5.523458920524919,0.691153161953081,3.8187108282864943])",1.0
R204,"life, challenge, travel., one, pattern, boy, occur, everything, hair., experts, discuss, ongoing, developments, technology, breakthrough.","(10000,[157,617,815,1020,1921,2227,2959,3477,3614,4506,4687,5212,5935,9156,9462],[3.6516567436233283,3.7316994512968646,4.42484663185681,2.6330871626287546,4.607168188650764,2.7200985396183848,5.523458920524919,4.607168188650764,0.691153161953081,0.691153161953081,0.691153161953081,5.523458920524919,3.914021008090819,3.914021008090819,0.691153161953081])",1.0
F217,"option, population, six, whole, strong, event, specific., commercial, spend, manager., —, shocking, claims, immortal, jellyfish, surface, internet.","(10000,[264,353,503,627,2066,5401,5850,6355,6443,7161,7281,7728,7936,8338,9258,9613,9876],[4.607168188650764,4.137164559405029,0.691153161953081,4.607168188650764,2.7508701982851385,3.8187108282864943,0.691153161953081,4.137164559405029,3.7316994512968646,5.117993812416755,0.6714286566053024,4.137164559405029,0.691153161953081,0.691153161953081,3.7316994512968646,4.137164559405029,2.7508701982851385])",0.0
F176,"begin, personal, mrs, concern., various, perform, purpose., kitchen, east, across, fund, main., —, shocking, claims, miracle, drug, surface, internet.","(10000,[503,756,1098,1256,1513,4638,5850,6576,6647,7074,7281,7860,7936,7939,8338,8734,9668,9719,9751],[0.691153161953081,4.270695952029551,4.137164559405029,3.125563647726549,4.42484663185681,3.5085558999826545,0.691153161953081,3.7316994512968646,4.137164559405029,3.914021008090819,0.6714286566053024,2.997730276216664,0.691153161953081,4.270695952029551,0.691153161953081,4.607168188650764,5.117993812416755,5.117993812416755,3.914021008090819])",0.0
R245,"stuff, argue, fire, miss, despite, matter., experts, discuss, ongoing, developments, technology, breakthrough.","(10000,[1020,1071,1301,2227,3614,3730,4506,4687,5191,7722,7968,9462],[2.6330871626287546,4.830311739964974,3.7316994512968646,2.7200985396183848,0.691153161953081,4.019381523748645,0.691153161953081,0.691153161953081,4.137164559405029,4.270695952029551,5.523458920524919,0.691153161953081])",1.0
R104,"single, free, institution, raise., shake, power, phone., defense, east, find, beat, senior, almost, than., toward, include, note, mouth, hundred., experts, discuss, ongoing, developments, election.","(10000,[1073,1822,2180,2569,2953,3056,3194,3243,3543,3556,3614,4144,4506,4687,6576,7497,7510,7593,7692,7889,8566,9109,9462,9909],[3.914021008090819,5.523458920524919,4.42484663185681,3.5085558999826545,5.117993812416755,4.270695952029551,3.577548771469606,4.270695952029551,3.914021008090819,2.7826188965997183,0.691153161953081,3.8187108282864943,0.691153161953081,0.691153161953081,3.7316994512968646,3.8187108282864943,4.607168188650764,5.523458920524919,4.830311739964974,4.607168188650764,4.137164559405029,4.830311739964974,0.691153161953081,4.830311739964974])",1.0
F156,"station, sing, sense, fly., friend, capital, southern, three, believe., —, shocking, claims, flat, earth, surface, internet.","(10000,[488,503,586,2918,3743,5447,5850,5925,6451,6541,7230,7281,7936,8338,8415,9676],[3.7316994512968646,0.691153161953081,4.607168188650764,3.0385522707369192,4.270695952029551,3.6516567436233283,0.691153161953081,3.7316994512968646,3.383392757028649,3.8187108282864943,4.830311739964974,0.6714286566053024,0.691153161953081,0.691153161953081,4.270695952029551,3.0385522707369192])",0.0
R194,"decision, report, present, record., congress, never, fact, practice, call, name, son., experts, discuss, ongoing, developments, election.","(10000,[15,281,924,1440,2193,3556,3614,4280,4506,4687,5146,6505,7215,8130,8728,9462],[4.42484663185681,4.019381523748645,4.42484663185681,4.830311739964974,3.6516567436233283,2.7826188965997183,0.691153161953081,4.137164559405029,0.691153161953081,0.691153161953081,3.914021008090819,4.607168188650764,3.914021008090819,4.270695952029551,4.607168188650764,0.691153161953081])",1.0
R161,"difference, animal, carry, product, choose, medical, perform., truth, eat, try, see, fine., authority, life, general., experts, discuss, ongoing, developments, technology, breakthrough.","(10000,[292,447,454,1020,1176,2069,2227,3477,3614,4506,4687,4693,5354,7276,7360,7866,8268,9462,9513,9543,9706],[5.523458920524919,4.270695952029551,3.7316994512968646,2.6330871626287546,4.607168188650764,3.914021008090819,2.7200985396183848,4.607168188650764,0.691153161953081,0.691153161953081,0.691153161953081,4.137164559405029,4.137164559405029,4.42484663185681,4.019381523748645,4.42484663185681,3.7316994512968646,0.691153161953081,3.914021008090819,4.830311739964974,4.019381523748645])",1.0
F113,"design, learn, left, eight, certainly, court., mrs, window, north, hair, order, return, such., fly, law, senior, choose, drive., —, shocking, claims, immortal, jellyfish, surface, internet.","(10000,[481,503,635,673,1226,1662,1778,2066,2403,3629,3922,3979,4144,5850,5944,5967,7281,7664,7936,8338,8482,9391,9706,9751,9876],[5.523458920524919,0.691153161953081,4.42484663185681,4.137164559405029,3.914021008090819,4.830311739964974,4.270695952029551,2.7508701982851385,4.42484663185681,4.830311739964974,4.830311739964974,4.019381523748645,3.8187108282864943,0.691153161953081,4.137164559405029,4.019381523748645,0.6714286566053024,4.270695952029551,0.691153161953081,0.691153161953081,3.577548771469606,3.914021008090819,4.019381523748645,3.914021008090819,2.7508701982851385])",0.0
F150,"sport, listen, which., grow, evening, front, future, argue, role, throw., —, shocking, claims, hoax, surface, internet.","(10000,[429,503,504,2404,3350,3730,4377,5286,5850,6315,6488,7281,7936,8278,8338,9207],[4.42484663185681,0.691153161953081,4.607168188650764,4.270695952029551,4.019381523748645,4.019381523748645,2.60568818844064,4.42484663185681,0.691153161953081,5.117993812416755,4.42484663185681,0.6714286566053024,0.691153161953081,4.42484663185681,0.691153161953081,5.117993812416755])",0.0
F047,"dark, police, fish, three, attack, skill, school., help, teacher, national, fall, theory., air, claim, parent, guy, general., —, shocking, claims, miracle, drug, surface, internet.","(10000,[88,94,503,697,1211,1256,1376,3729,3876,5693,5850,5925,6477,7281,7860,7910,7936,8338,8708,8937,9347,9543,9932,9968],[4.019381523748645,4.830311739964974,0.691153161953081,4.270695952029551,4.830311739964974,3.125563647726549,4.270695952029551,4.270695952029551,4.270695952029551,4.270695952029551,0.691153161953081,3.7316994512968646,4.830311739964974,0.6714286566053024,2.997730276216664,4.137164559405029,0.691153161953081,0.691153161953081,4.270695952029551,4.270695952029551,4.137164559405029,4.830311739964974,4.137164559405029,3.8187108282864943])",0.0
F008,"style, traditional, choice, difficult., son, choose, old, upon, bit, eat., —, shocking, claims, hoax, surface, internet.","(10000,[209,503,1989,2406,4377,4486,5850,6053,6735,7083,7281,7337,7936,8000,8338,9706],[4.42484663185681,0.691153161953081,4.137164559405029,4.830311739964974,2.60568818844064,3.914021008090819,0.691153161953081,4.019381523748645,4.270695952029551,4.137164559405029,0.6714286566053024,5.117993812416755,0.691153161953081,4.607168188650764,0.691153161953081,4.019381523748645])",0.0
F229,"air, seven, executive, realize, add, cup., stage, whether, another, want, east, surface., —, shocking, claims, aliens, surface, internet.","(10000,[30,88,503,650,1582,3406,5417,5850,6576,7281,7712,7850,7936,8166,8338,9300,9887,9966],[4.019381523748645,4.019381523748645,0.691153161953081,2.958509563063383,4.137164559405029,4.137164559405029,5.523458920524919,0.691153161953081,3.7316994512968646,0.6714286566053024,4.42484663185681,4.42484663185681,0.691153161953081,4.270695952029551,0.691153161953081,4.830311739964974,3.914021008090819,4.270695952029551])",0.0
R001,"result, visit, change, industry, environmental., force, personal, management, very., use, full, around, enter, short, and., make, turn, because., experts, discuss, ongoing, developments, research.","(10000,[387,391,399,698,1241,1262,2086,3010,3525,3614,3886,4506,4687,5133,6197,6466,6793,7066,7435,7939,8897,9216,9462],[3.914021008090819,3.4440173788450834,3.4440173788450834,5.117993812416755,3.577548771469606,4.137164559405029,4.137164559405029,4.137164559405029,4.270695952029551,0.691153161953081,3.914021008090819,0.691153161953081,0.691153161953081,3.8187108282864943,4.270695952029551,4.830311739964974,5.523458920524919,2.849310271098391,3.8187108282864943,4.270695952029551,4.270695952029551,5.117993812416755,0.691153161953081])",1.0
R241,"spring, act, certain, series., want, sit, friend, energy., experts, discuss, ongoing, developments, public, health.","(10000,[488,1644,1770,3614,4506,4687,5779,6219,6928,6946,7712,8667,9288,9462],[3.7316994512968646,3.7316994512968646,2.920769235080536,0.691153161953081,0.691153161953081,0.691153161953081,5.117993812416755,3.125563647726549,3.8187108282864943,3.6516567436233283,4.42484663185681,5.117993812416755,4.137164559405029,0.691153161953081])",1.0
R198,"likely, notice, sea., country, white, candidate, article, fill, mr., form, beyond, conference, even, street, list, enter, both., experts, discuss, ongoing, developments, climate, change.","(10000,[309,821,1525,1702,2059,3614,3684,4358,4506,4687,5268,5471,5621,5657,5843,6406,7435,7870,8506,8728,8900,9462,9727],[3.8187108282864943,2.849310271098391,4.019381523748645,3.7316994512968646,2.661258039595451,0.691153161953081,3.914021008090819,3.8187108282864943,0.691153161953081,0.691153161953081,5.117993812416755,4.830311739964974,4.270695952029551,4.42484663185681,4.830311739964974,4.270695952029551,3.8187108282864943,4.270695952029551,4.830311739964974,4.607168188650764,4.270695952029551,0.691153161953081,3.8187108282864943])",1.0
R229,"machine, story, option, structure., like, attorney, house, economic, child, game, break., democratic, give, top., experts, discuss, ongoing, developments, research.","(10000,[3330,3614,3783,4506,4687,4853,5392,5606,5836,6083,6855,7066,7244,8040,8975,9144,9462,9613,9640],[4.019381523748645,0.691153161953081,3.6516567436233283,0.691153161953081,0.691153161953081,4.607168188650764,4.830311739964974,3.6516567436233283,4.607168188650764,5.117993812416755,4.019381523748645,2.849310271098391,3.6516567436233283,3.577548771469606,4.607168188650764,2.7826188965997183,0.691153161953081,4.137164559405029,5.523458920524919])",1.0
R205,"produce, look, scientist, itself., indeed, according, represent, focus, able., experts, discuss, ongoing, developments, public, health.","(10000,[1648,1770,2862,3614,3931,4506,4687,4934,6219,6226,7564,8717,8730,9462,9939],[3.914021008090819,2.920769235080536,5.117993812416755,0.691153161953081,3.8187108282864943,0.691153161953081,0.691153161953081,4.019381523748645,3.125563647726549,4.270695952029551,3.7316994512968646,4.019381523748645,5.117993812416755,0.691153161953081,4.019381523748645])",1.0
F123,"shoulder, majority, continue, natural, water., society, change, bag, individual, new, cut, effort., feeling, company, skin, trip, heart., —, shocking, claims, celebrity, scandal, surface, internet.","(10000,[327,387,415,503,585,613,691,743,942,1206,2912,3486,3973,4921,4988,5782,5833,5850,6756,7281,7936,8338,8614,9244],[3.8187108282864943,3.914021008090819,4.42484663185681,0.691153161953081,3.7316994512968646,3.914021008090819,5.117993812416755,3.914021008090819,4.270695952029551,4.019381523748645,4.607168188650764,2.849310271098391,5.117993812416755,2.849310271098391,4.830311739964974,4.42484663185681,4.42484663185681,0.691153161953081,3.3262343431887,0.6714286566053024,0.691153161953081,0.691153161953081,4.019381523748645,4.270695952029551])",0.0
F043,"million, personal, group, floor, traditional., actually, partner, guess, control, audience, bed, protect, hour., —, shocking, claims, celebrity, scandal, surface, internet.","(10000,[116,503,1208,1312,2900,3486,4319,4921,5850,6447,7235,7281,7766,7825,7936,7939,8338,8651,8660,9497],[4.270695952029551,0.691153161953081,2.7826188965997183,4.270695952029551,5.523458920524919,2.849310271098391,3.5085558999826545,2.849310271098391,0.691153161953081,4.137164559405029,3.914021008090819,0.6714286566053024,3.914021008090819,5.117993812416755,0.691153161953081,4.270695952029551,0.691153161953081,3.914021008090819,4.137164559405029,4.42484663185681])",0.0
F097,"cut, board, owner, listen, truth., act, bit, most., size, small, challenge, rule, everybody, chance., listen, improve, employee, effort, you., —, shocking, claims, celebrity, scandal, surface, internet.","(10000,[4,222,343,429,503,1206,1599,1989,2408,2561,3192,3486,4921,5726,5850,5935,6053,6373,6548,6928,7281,7454,7936,8338,9944],[4.607168188650764,4.137164559405029,4.270695952029551,8.84969326371362,0.691153161953081,4.019381523748645,5.523458920524919,4.137164559405029,4.42484663185681,4.019381523748645,4.137164559405029,2.849310271098391,2.849310271098391,3.7316994512968646,0.691153161953081,3.914021008090819,4.019381523748645,5.117993812416755,4.137164559405029,3.8187108282864943,0.6714286566053024,4.42484663185681,0.691153161953081,0.691153161953081,5.523458920524919])",0.0
R014,"past, student, idea, pick, story, realize, growth., authority, either, effort, theory, low., experts, discuss, ongoing, developments, research.","(10000,[1176,1468,1582,3536,3614,4506,4687,5726,5958,6855,7066,7372,8546,9034,9126,9275,9462],[4.607168188650764,4.019381523748645,4.137164559405029,4.137164559405029,0.691153161953081,0.691153161953081,0.691153161953081,3.7316994512968646,3.8187108282864943,4.019381523748645,2.849310271098391,4.137164559405029,5.117993812416755,2.8154087194227095,4.019381523748645,4.137164559405029,0.691153161953081])",1.0
F005,"act, bank, admit, also, out., —, shocking, claims, flat, earth, surface, internet.","(10000,[503,2918,3792,5778,5850,6928,7281,7936,8338,8714,8982,9676],[0.691153161953081,3.0385522707369192,3.577548771469606,5.523458920524919,0.691153161953081,3.8187108282864943,0.6714286566053024,0.691153161953081,0.691153161953081,4.830311739964974,4.137164559405029,3.0385522707369192])",0.0
R234,"need, ability, enjoy, see, blue, sit, tax., leg, area, forget, option., experts, discuss, ongoing, developments, research.","(10000,[1805,3614,3681,4506,4529,4687,5354,5649,5768,6290,6537,6946,7066,7146,8569,9462],[4.270695952029551,0.691153161953081,3.914021008090819,0.691153161953081,4.830311739964974,0.691153161953081,4.137164559405029,4.270695952029551,3.914021008090819,4.607168188650764,4.607168188650764,3.6516567436233283,2.849310271098391,4.42484663185681,5.117993812416755,0.691153161953081])",1.0
F143,"support, alone, participant, cold, red, us., girl, fear, onto, scene, final., —, shocking, claims, aliens, surface, internet.","(10000,[52,503,650,1029,2101,2492,3920,4319,5396,5844,5850,7281,7936,8217,8338,9513,9679],[4.270695952029551,0.691153161953081,2.958509563063383,3.914021008090819,5.117993812416755,3.7316994512968646,4.019381523748645,3.5085558999826545,4.42484663185681,4.270695952029551,0.691153161953081,0.6714286566053024,0.691153161953081,4.137164559405029,0.691153161953081,3.914021008090819,5.523458920524919])",0.0
R073,"analysis, draw, recognize, different, whatever, east, opportunity., add, nature, either, cup, democratic., save, toward, nature, maintain, study., experts, discuss, ongoing, developments, economic, growth.","(10000,[1296,3059,3194,3611,3614,4214,4506,4520,4533,4687,5247,6576,6683,7695,8167,8171,8625,9034,9126,9144,9462,9887],[3.8187108282864943,4.270695952029551,3.577548771469606,8.274329118810059,0.691153161953081,5.117993812416755,0.691153161953081,4.137164559405029,5.117993812416755,0.691153161953081,4.607168188650764,3.7316994512968646,4.830311739964974,4.019381523748645,4.137164559405029,3.914021008090819,5.523458920524919,2.8154087194227095,4.019381523748645,2.7826188965997183,0.691153161953081,3.914021008090819])",1.0
R239,"indicate, country, act, career., form, along, rock., read, lose, sign, discuss., experts, discuss, ongoing, developments, education.","(10000,[2840,3614,4422,4506,4687,5047,5621,6485,6756,6928,7650,7870,8731,9118,9296,9462],[4.830311739964974,0.691153161953081,4.42484663185681,0.691153161953081,0.691153161953081,2.661258039595451,4.270695952029551,4.019381523748645,3.3262343431887,3.8187108282864943,4.270695952029551,4.270695952029551,5.117993812416755,5.523458920524919,4.830311739964974,0.691153161953081])",1.0
F181,"dog, blood, late, travel, rise., democratic, call, bit, year., tend, truth, role, responsibility, bill., —, shocking, claims, aliens, surface, internet.","(10000,[503,650,1810,1989,2069,2359,3079,3204,3350,3502,4554,5146,5606,5850,7281,7517,7936,8338,8681,9564],[0.691153161953081,2.958509563063383,3.8187108282864943,4.137164559405029,3.914021008090819,4.270695952029551,3.5085558999826545,5.117993812416755,4.019381523748645,4.019381523748645,4.830311739964974,3.914021008090819,3.6516567436233283,0.691153161953081,0.6714286566053024,5.117993812416755,0.691153161953081,0.691153161953081,4.137164559405029,4.137164559405029])",0.0
R138,"particularly, interest, power, easy., five, perhaps, model, painting., wonder, bank, fine, box, reality., experts, discuss, ongoing, developments, election.","(10000,[70,1259,3056,3082,3556,3614,4175,4506,4687,4723,5974,6431,6443,7102,7138,7922,8982,9462],[3.8187108282864943,3.6516567436233283,4.270695952029551,5.117993812416755,2.7826188965997183,0.691153161953081,5.117993812416755,0.691153161953081,0.691153161953081,4.137164559405029,4.137164559405029,4.270695952029551,3.7316994512968646,4.42484663185681,5.523458920524919,4.270695952029551,4.137164559405029,0.691153161953081])",1.0
R172,"scientist, world, debate, city, economic, ability, low, end., practice, campaign, thought, popular., rich, physical, walk, director., experts, discuss, ongoing, developments, economic, growth.","(10000,[55,3614,3681,4280,4506,4687,4959,5495,6142,6212,6226,6675,7786,8276,8408,8411,8649,9034,9144,9360,9462],[3.8187108282864943,0.691153161953081,3.914021008090819,4.137164559405029,0.691153161953081,0.691153161953081,4.019381523748645,4.607168188650764,4.137164559405029,4.270695952029551,4.270695952029551,4.830311739964974,5.117993812416755,3.914021008090819,4.270695952029551,3.7316994512968646,4.019381523748645,2.8154087194227095,5.565237793199437,4.42484663185681,0.691153161953081])",1.0
R143,"sit, boy, open, trouble, weight, federal., result, particular, easy, society, nothing, pretty, key., site, everything, game, leave, line, activity., experts, discuss, ongoing, developments, policy.","(10000,[157,327,399,760,1182,2782,2909,2913,3614,3919,4292,4506,4657,4687,5783,5891,6944,6946,7417,8004,8975,8984,9156,9462],[3.6516567436233283,3.8187108282864943,3.4440173788450834,4.42484663185681,4.270695952029551,5.523458920524919,4.607168188650764,3.383392757028649,0.691153161953081,4.830311739964974,4.270695952029551,0.691153161953081,5.117993812416755,0.691153161953081,4.137164559405029,4.270695952029551,2.849310271098391,3.6516567436233283,4.830311739964974,4.42484663185681,4.607168188650764,4.019381523748645,3.914021008090819,0.691153161953081])",1.0
F166,"everyone, loss, imagine, although, deep., low, various., —, shocking, claims, mind, control, surface, internet.","(10000,[503,1208,1982,3184,5301,5329,5850,6584,7281,7779,7936,8338,8411,8893],[0.691153161953081,2.7826188965997183,5.523458920524919,2.920769235080536,4.42484663185681,4.137164559405029,0.691153161953081,5.523458920524919,0.6714286566053024,4.019381523748645,0.691153161953081,0.691153161953081,3.7316994512968646,4.019381523748645])",0.0
R003,"bar, season, century, interview, kid, old, weight., pattern, possible, civil, poor, nature, phone., together, place, benefit, election, senior, price., experts, discuss, ongoing, developments, budget, report.","(10000,[26,132,288,593,617,2358,3611,3614,3723,4144,4506,4687,4991,5432,5653,6035,6100,6390,7083,7332,7841,8103,8312,9109,9462],[4.607168188650764,3.8187108282864943,4.607168188650764,4.607168188650764,3.7316994512968646,4.270695952029551,4.137164559405029,0.691153161953081,3.7316994512968646,3.8187108282864943,0.691153161953081,0.691153161953081,2.6330871626287546,2.6902455764687034,4.42484663185681,3.577548771469606,4.137164559405029,4.270695952029551,4.137164559405029,3.914021008090819,3.7316994512968646,4.137164559405029,4.607168188650764,4.830311739964974,0.691153161953081])",1.0
R167,"industry, heavy, son, cover, new, great, red, from., take, couple, billion, eight, attention, training., experts, discuss, ongoing, developments, climate, change.","(10000,[52,209,258,585,750,821,855,2059,2764,3010,3144,3495,3614,4506,4687,6104,7702,8482,8949,9462],[4.270695952029551,4.42484663185681,4.019381523748645,3.7316994512968646,4.42484663185681,2.849310271098391,4.270695952029551,2.661258039595451,5.117993812416755,4.137164559405029,3.8187108282864943,5.523458920524919,0.691153161953081,0.691153161953081,0.691153161953081,4.830311739964974,4.019381523748645,3.577548771469606,4.42484663185681,0.691153161953081])",1.0
R183,"else, event, require, tonight, toward, street, research., property, music, place, hotel, receive, think., experts, discuss, ongoing, developments, climate, change.","(10000,[821,1948,2059,2663,2733,3194,3389,3614,3684,4506,4617,4687,5034,6370,6390,7066,7728,8449,9462],[2.849310271098391,3.8187108282864943,2.661258039595451,4.42484663185681,4.42484663185681,3.577548771469606,4.830311739964974,0.691153161953081,3.914021008090819,0.691153161953081,4.019381523748645,0.691153161953081,4.270695952029551,4.019381523748645,4.270695952029551,2.849310271098391,4.137164559405029,4.019381523748645,0.691153161953081])",1.0
R238,"decide, provide, particular, benefit., population, owner, financial, easy., color, letter, leader, new, purpose, half., experts, discuss, ongoing, developments, technology, breakthrough.","(10000,[564,585,1020,1526,1840,2227,3614,4062,4175,4506,4687,5946,6053,7407,8089,8293,8984,9258,9462,9832],[4.270695952029551,3.7316994512968646,2.6330871626287546,4.830311739964974,5.117993812416755,2.7200985396183848,0.691153161953081,4.830311739964974,5.117993812416755,0.691153161953081,0.691153161953081,4.607168188650764,4.019381523748645,3.7316994512968646,4.42484663185681,4.42484663185681,4.019381523748645,3.7316994512968646,0.691153161953081,3.914021008090819])",1.0
R041,"fine, official, give., never, idea, hard, result, name, history, idea., simple, several, notice, future., experts, discuss, ongoing, developments, election.","(10000,[15,281,399,1375,1525,2913,3556,3614,4506,4687,5125,5958,6431,6543,8485,8547,8759,9227,9462],[4.42484663185681,4.019381523748645,3.4440173788450834,5.117993812416755,4.019381523748645,3.383392757028649,2.7826188965997183,0.691153161953081,0.691153161953081,0.691153161953081,4.270695952029551,3.8187108282864943,4.270695952029551,4.019381523748645,4.270695952029551,4.830311739964974,5.523458920524919,4.42484663185681,0.691153161953081])",1.0
F237,"central, foreign, suffer, interview, good., —, shocking, claims, government, cover-up, surface, internet.","(10000,[503,2259,3079,5850,6035,6135,6206,7281,7936,8338,8928,9813],[0.691153161953081,2.849310271098391,3.5085558999826545,0.691153161953081,3.577548771469606,4.019381523748645,4.019381523748645,0.6714286566053024,0.691153161953081,0.691153161953081,4.270695952029551,2.997730276216664])",0.0
R086,"become, likely, garden, account., experts, discuss, ongoing, developments, research.","(10000,[309,3614,4506,4687,5936,7066,7090,9211,9462],[3.8187108282864943,0.691153161953081,0.691153161953081,0.691153161953081,4.019381523748645,2.849310271098391,5.117993812416755,5.117993812416755,0.691153161953081])",1.0
R240,"act, mr, various, generation, ever., news, view, technology, run, trade, cold., piece, toward, skill., experts, discuss, ongoing, developments, policy.","(10000,[266,419,1020,1630,2433,2647,3133,3194,3614,4506,4687,6241,6647,6928,6944,6963,7293,8404,9462],[4.270695952029551,4.42484663185681,2.6330871626287546,5.523458920524919,4.607168188650764,4.607168188650764,4.270695952029551,3.577548771469606,0.691153161953081,0.691153161953081,0.691153161953081,5.523458920524919,4.137164559405029,3.8187108282864943,2.849310271098391,3.8187108282864943,4.270695952029551,5.117993812416755,0.691153161953081])",1.0
R133,"type, institution, yes, party., finish, fire, poor, morning, want, half, past., agreement, enjoy, hand, truth, drop., election, sport, draw., experts, discuss, ongoing, developments, public, health.","(10000,[132,1770,1780,1805,2069,3160,3243,3308,3423,3526,3614,3759,4201,4506,4687,5044,5191,6219,6578,7712,8103,8278,8413,8852,9462],[3.8187108282864943,2.920769235080536,4.270695952029551,4.270695952029551,3.914021008090819,4.42484663185681,4.270695952029551,4.42484663185681,4.019381523748645,4.019381523748645,0.691153161953081,4.607168188650764,5.523458920524919,0.691153161953081,0.691153161953081,4.607168188650764,4.137164559405029,3.125563647726549,3.8187108282864943,4.42484663185681,4.137164559405029,4.42484663185681,4.270695952029551,5.117993812416755,0.691153161953081])",1.0
F044,"return, enter, wall, individual, side, simple, skin, deal., model, three, community., —, shocking, claims, hoax, surface, internet.","(10000,[503,635,2913,4377,4959,5833,5850,5925,6404,7102,7281,7435,7936,8338,8614,9470,9781],[0.691153161953081,4.42484663185681,3.383392757028649,2.60568818844064,4.019381523748645,4.42484663185681,0.691153161953081,3.7316994512968646,4.270695952029551,4.42484663185681,0.6714286566053024,3.8187108282864943,0.691153161953081,0.691153161953081,4.019381523748645,5.117993812416755,4.019381523748645])",0.0
F125,"little, write, once., important, well, contain., type, according, agent, attention, paper, around, look, but., —, shocking, claims, government, cover-up, surface, internet.","(10000,[157,503,1590,1967,2259,3144,3292,3526,5016,5445,5850,6197,7281,7564,7936,8338,8690,8692,8927,9813,9939],[3.6516567436233283,0.691153161953081,3.914021008090819,4.830311739964974,2.849310271098391,3.8187108282864943,5.117993812416755,4.019381523748645,4.137164559405029,4.830311739964974,0.691153161953081,4.270695952029551,0.6714286566053024,3.7316994512968646,0.691153161953081,0.691153161953081,3.8187108282864943,5.117993812416755,5.523458920524919,2.997730276216664,4.019381523748645])",0.0
F165,"bill, receive, much, individual, teach, inside, different., serve, course., close, despite, specific, us, stock, door, source., —, shocking, claims, secret, cure, surface, internet.","(10000,[503,524,793,1301,1725,2059,3409,3497,3707,3892,4499,4617,4847,5850,6660,6747,7281,7936,8135,8338,8522,8614,9066],[0.691153161953081,3.577548771469606,4.42484663185681,3.7316994512968646,4.830311739964974,2.661258039595451,4.607168188650764,4.019381523748645,4.830311739964974,2.5530444549552183,4.830311739964974,4.019381523748645,4.137164559405029,0.691153161953081,4.42484663185681,2.5530444549552183,0.6714286566053024,0.691153161953081,3.914021008090819,0.691153161953081,4.019381523748645,4.019381523748645,3.914021008090819])",0.0
F137,"wrong, wall, wide, suddenly, next, politics., —, shocking, claims, flat, earth, surface, internet.","(10000,[211,503,2836,2918,5850,6404,6512,7281,7936,8273,8338,8581,9676],[5.523458920524919,0.691153161953081,4.270695952029551,3.0385522707369192,0.691153161953081,4.270695952029551,4.42484663185681,0.6714286566053024,0.691153161953081,4.42484663185681,0.691153161953081,4.270695952029551,3.0385522707369192])",0.0
R088,"star, project, meet, why., detail, first, according, college, power, daughter., capital, camera, analysis, defense, town, relate, television., experts, discuss, ongoing, developments, research.","(10000,[988,1143,1296,1365,1650,2230,3056,3543,3614,4506,4687,4715,5170,6403,6541,6740,6836,7066,7564,8057,9462,9940],[3.914021008090819,3.914021008090819,3.8187108282864943,4.42484663185681,4.137164559405029,4.270695952029551,4.270695952029551,3.914021008090819,0.691153161953081,0.691153161953081,0.691153161953081,4.830311739964974,5.117993812416755,4.137164559405029,3.8187108282864943,4.830311739964974,5.523458920524919,2.849310271098391,3.7316994512968646,3.8187108282864943,0.691153161953081,4.137164559405029])",1.0
R169,"center, teach, huge., rather, especially, alone, indeed, television., experts, discuss, ongoing, developments, technology, breakthrough.","(10000,[1020,1365,1480,2227,2492,2837,3614,4506,4687,4934,5321,8173,8522,9462],[2.6330871626287546,4.42484663185681,4.607168188650764,2.7200985396183848,3.7316994512968646,4.607168188650764,0.691153161953081,0.691153161953081,0.691153161953081,4.019381523748645,4.019381523748645,3.6516567436233283,4.019381523748645,0.691153161953081])",1.0
R193,"deep, design, government, many., win, home, town., experts, discuss, ongoing, developments, technology, breakthrough.","(10000,[1020,1762,2227,2259,2398,2846,3365,3614,3922,4506,4687,6278,9462],[2.6330871626287546,4.019381523748645,2.7200985396183848,2.849310271098391,4.137164559405029,5.523458920524919,4.270695952029551,0.691153161953081,4.830311739964974,0.691153161953081,0.691153161953081,5.117993812416755,0.691153161953081])",1.0
F247,"official, couple, official, realize, general, appear., rate, special, five., remember, door, relate, chair., —, shocking, claims, mind, control, surface, internet.","(10000,[253,503,988,1055,1208,1582,1584,1776,1952,3184,4847,5465,5685,5850,7281,7702,7936,8338,8485],[4.42484663185681,0.691153161953081,3.914021008090819,3.7316994512968646,2.7826188965997183,4.137164559405029,5.117993812416755,5.523458920524919,5.523458920524919,2.920769235080536,4.137164559405029,3.8187108282864943,4.830311739964974,0.691153161953081,0.6714286566053024,4.019381523748645,0.691153161953081,0.691153161953081,8.541391904059102])",0.0
R179,"actually, ground, discover, teacher., live, and., experts, discuss, ongoing, developments, technology, breakthrough.","(10000,[493,1020,2086,2227,3614,4170,4506,4687,5500,6447,6487,9462],[4.137164559405029,2.6330871626287546,4.137164559405029,2.7200985396183848,0.691153161953081,4.019381523748645,0.691153161953081,0.691153161953081,5.523458920524919,4.137164559405029,3.5085558999826545,0.691153161953081])",1.0
F138,"project, throw, television., part, price, box, generation, two, trouble., —, shocking, claims, immortal, jellyfish, surface, internet.","(10000,[317,503,1365,1738,2066,2230,4728,5850,6963,7281,7922,7936,8325,8338,8740,9876],[5.117993812416755,0.691153161953081,4.42484663185681,4.607168188650764,2.7508701982851385,4.270695952029551,3.7316994512968646,0.691153161953081,3.8187108282864943,0.6714286566053024,4.270695952029551,0.691153161953081,4.270695952029551,0.691153161953081,4.830311739964974,2.7508701982851385])",0.0
R017,"dog, turn, two, pattern, decade., experts, discuss, ongoing, developments, policy.","(10000,[617,997,3614,3886,4506,4687,4728,6944,9462,9564],[3.7316994512968646,5.523458920524919,0.691153161953081,3.914021008090819,0.691153161953081,0.691153161953081,3.7316994512968646,2.849310271098391,0.691153161953081,4.137164559405029])",1.0
F090,"partner, suddenly, knowledge, leave, add, security., —, shocking, claims, mind, control, surface, internet.","(10000,[116,503,1208,2913,3184,5850,7281,7864,7936,8338,8423,8581,9887],[4.270695952029551,0.691153161953081,2.7826188965997183,3.383392757028649,2.920769235080536,0.691153161953081,0.6714286566053024,4.019381523748645,0.691153161953081,0.691153161953081,5.117993812416755,4.270695952029551,3.914021008090819])",0.0
F222,"people, husband, can., blue, religious, item, according, need., arm, least, away, medical, source, know, dog., —, shocking, claims, mind, control, surface, internet.","(10000,[503,1122,1208,1247,1634,1916,3184,3737,3984,4263,4293,5768,5850,6544,7208,7281,7564,7721,7779,7936,8268,8338],[0.691153161953081,4.607168188650764,2.7826188965997183,5.523458920524919,3.8187108282864943,4.270695952029551,2.920769235080536,3.7316994512968646,4.019381523748645,4.42484663185681,4.270695952029551,3.914021008090819,0.691153161953081,4.830311739964974,4.607168188650764,0.6714286566053024,3.7316994512968646,4.137164559405029,4.019381523748645,0.691153161953081,3.7316994512968646,0.691153161953081])",0.0
R114,"entire, tree, management, agree, close, indeed, bit., prove, movie, region., experts, discuss, ongoing, developments, climate, change.","(10000,[613,821,1241,1439,1595,2059,3497,3614,4506,4687,4934,5214,5871,6925,8824,9462],[3.914021008090819,2.849310271098391,3.577548771469606,3.5085558999826545,4.830311739964974,2.661258039595451,4.019381523748645,0.691153161953081,0.691153161953081,0.691153161953081,4.019381523748645,4.607168188650764,4.270695952029551,4.42484663185681,4.830311739964974,0.691153161953081])",1.0
F235,"best, nature, explain, issue, join., likely, office, role., give, ask, beat, meet., —, shocking, claims, celebrity, scandal, surface, internet.","(10000,[309,503,763,2347,2569,3486,3507,3611,3783,4921,5341,5850,6616,7281,7936,8338,8344,9974,9994],[3.8187108282864943,0.691153161953081,4.270695952029551,5.523458920524919,3.5085558999826545,2.849310271098391,4.42484663185681,4.137164559405029,3.6516567436233283,2.849310271098391,4.607168188650764,0.691153161953081,4.019381523748645,0.6714286566053024,0.691153161953081,0.691153161953081,3.914021008090819,5.117993812416755,5.117993812416755])",0.0
F185,"cause, reach, already, team, describe., —, shocking, claims, hoax, surface, internet.","(10000,[316,468,503,594,4377,5850,7281,7309,7936,8338,8386],[4.42484663185681,4.42484663185681,0.691153161953081,4.137164559405029,2.60568818844064,0.691153161953081,0.6714286566053024,4.830311739964974,0.691153161953081,0.691153161953081,4.830311739964974])",0.0
F221,"describe, economy, old, specific, contain, door., hear, fund, administration, heavy, later, cause., —, shocking, claims, flat, earth, surface, internet.","(10000,[217,503,560,2059,2918,4638,4842,5185,5850,6609,7070,7083,7085,7281,7493,7936,8338,8949,9676],[3.7316994512968646,0.691153161953081,4.270695952029551,2.661258039595451,3.0385522707369192,3.5085558999826545,4.42484663185681,3.8187108282864943,0.691153161953081,5.117993812416755,5.523458920524919,4.137164559405029,4.270695952029551,0.6714286566053024,4.270695952029551,0.691153161953081,0.691153161953081,4.42484663185681,3.0385522707369192])",0.0
F054,"detail, even, never, order, instead., collection, authority, fear, despite, science, first, decide., —, shocking, claims, secret, cure, surface, internet.","(10000,[281,503,1143,1176,1226,1301,1955,3363,3892,4310,5850,6403,6406,6747,7281,7936,8209,8338,9513],[4.019381523748645,0.691153161953081,3.914021008090819,4.607168188650764,3.914021008090819,3.7316994512968646,5.117993812416755,4.270695952029551,2.5530444549552183,5.117993812416755,0.691153161953081,4.137164559405029,4.270695952029551,2.5530444549552183,0.6714286566053024,0.691153161953081,3.914021008090819,0.691153161953081,3.914021008090819])",0.0
R000,"economy, green, imagine., cup, girl, trial, since, measure, particularly., community, time, among, read, quite, number., many, something, new, opportunity, republican, somebody., experts, discuss, ongoing, developments, public, health.","(10000,[217,528,551,585,1029,1770,3059,3410,3614,4506,4616,4687,4702,5188,6056,6219,6287,6976,7362,7650,8157,8174,8741,9026,9168,9462,9826],[3.7316994512968646,3.8187108282864943,4.270695952029551,3.7316994512968646,3.914021008090819,2.920769235080536,4.270695952029551,4.607168188650764,0.691153161953081,0.691153161953081,4.137164559405029,0.691153161953081,5.523458920524919,4.42484663185681,4.42484663185681,3.125563647726549,4.137164559405029,4.270695952029551,4.019381523748645,4.270695952029551,4.019381523748645,4.270695952029551,5.523458920524919,5.523458920524919,5.523458920524919,0.691153161953081,4.019381523748645])",1.0
R178,"charge, kitchen, go, prepare, four, whether, fall., customer, professor, democratic, state, almost, put., experts, discuss, ongoing, developments, budget, report.","(10000,[756,1243,1413,1808,2286,2543,3406,3488,3614,4506,4687,4991,5432,5476,5606,6451,6812,8566,9462],[4.270695952029551,4.270695952029551,3.7316994512968646,4.019381523748645,4.137164559405029,3.8187108282864943,4.137164559405029,5.117993812416755,0.691153161953081,0.691153161953081,0.691153161953081,2.6330871626287546,2.6902455764687034,5.523458920524919,3.6516567436233283,3.383392757028649,4.270695952029551,4.137164559405029,0.691153161953081])",1.0
F006,"realize, spring, staff, specific, go, hear., budget, response, deal., activity, fish, treat., —, shocking, claims, hoax, surface, internet.","(10000,[286,503,1376,1582,1644,2059,2445,4377,4991,5850,6224,6451,7281,7936,8110,8338,9066,9470],[5.117993812416755,0.691153161953081,4.270695952029551,4.137164559405029,3.7316994512968646,2.661258039595451,4.137164559405029,2.60568818844064,2.6330871626287546,0.691153161953081,4.019381523748645,3.383392757028649,0.6714286566053024,0.691153161953081,4.830311739964974,0.691153161953081,3.914021008090819,5.117993812416755])",0.0
F174,"political, appear, capital, none, issue., kid, perhaps, live, dinner, natural., worry, idea, class, produce., second, leave, hot, role, road, cell, with., —, shocking, claims, secret, cure, surface, internet.","(10000,[493,503,1259,2240,2913,3210,3350,3378,3723,3892,3935,4007,4237,5725,5850,5958,6541,6747,7281,7640,7936,8182,8338,8343,9256,9693,9831,9927],[4.137164559405029,0.691153161953081,3.6516567436233283,4.607168188650764,3.383392757028649,4.607168188650764,4.019381523748645,5.523458920524919,3.7316994512968646,2.5530444549552183,3.6516567436233283,4.607168188650764,4.607168188650764,4.019381523748645,0.691153161953081,3.8187108282864943,3.8187108282864943,2.5530444549552183,0.6714286566053024,4.607168188650764,0.691153161953081,4.270695952029551,0.691153161953081,4.607168188650764,4.830311739964974,4.270695952029551,4.607168188650764,5.523458920524919])",0.0
R009,"budget, political, away, real, physical., experts, discuss, ongoing, developments, election.","(10000,[1116,3556,3614,3737,3935,4506,4687,4991,9462,9691],[5.523458920524919,2.7826188965997183,0.691153161953081,3.7316994512968646,3.6516567436233283,0.691153161953081,0.691153161953081,2.6330871626287546,0.691153161953081,3.914021008090819])",1.0
R122,"wide, write, practice, agreement., item, control, someone, fish, fish, first, situation., experts, discuss, ongoing, developments, economic, growth.","(10000,[477,1208,1376,1916,2836,3614,3671,4280,4506,4687,5445,6403,9034,9144,9462,9892],[5.523458920524919,2.7826188965997183,8.541391904059102,4.270695952029551,4.270695952029551,0.691153161953081,5.117993812416755,4.137164559405029,0.691153161953081,0.691153161953081,4.830311739964974,4.137164559405029,2.8154087194227095,2.7826188965997183,0.691153161953081,4.607168188650764])",1.0
F189,"really, learn, good, child, interest, inside, lead., newspaper, cut, set, wait., —, shocking, claims, immortal, jellyfish, surface, internet.","(10000,[70,503,1206,2066,3238,4112,5342,5850,5967,6063,6168,7244,7281,7386,7936,8338,9066,9876],[3.8187108282864943,0.691153161953081,4.019381523748645,2.7508701982851385,3.914021008090819,4.137164559405029,4.42484663185681,0.691153161953081,4.019381523748645,4.42484663185681,4.607168188650764,3.6516567436233283,0.6714286566053024,5.117993812416755,0.691153161953081,0.691153161953081,3.914021008090819,2.7508701982851385])",0.0
R146,"least, language, research, paper, leader., land, size, speech., type, dream, yet., experts, discuss, ongoing, developments, technology, breakthrough.","(10000,[1020,1180,1634,1716,2227,2366,3192,3526,3614,3882,4506,4687,7148,8690,9432,9462,9495],[2.6330871626287546,5.523458920524919,3.8187108282864943,4.137164559405029,2.7200985396183848,4.270695952029551,4.137164559405029,4.019381523748645,0.691153161953081,4.830311739964974,0.691153161953081,0.691153161953081,4.270695952029551,3.8187108282864943,3.914021008090819,0.691153161953081,5.523458920524919])",1.0
R022,"force, quickly, air, education., fill, fly, argue, true, ground, sometimes., experts, discuss, ongoing, developments, climate, change.","(10000,[88,391,821,1144,2059,3391,3614,3730,4506,4687,5047,5944,6487,7188,9462,9727],[4.019381523748645,3.4440173788450834,2.849310271098391,5.117993812416755,2.661258039595451,4.830311739964974,0.691153161953081,4.019381523748645,0.691153161953081,0.691153161953081,2.661258039595451,4.137164559405029,3.5085558999826545,4.019381523748645,0.691153161953081,3.8187108282864943])",1.0
F177,"law, happen, tv, claim, budget, idea., friend, practice, however., —, shocking, claims, aliens, surface, internet.","(10000,[488,503,650,1375,3979,4280,4547,4704,4991,5850,7281,7936,8338,8937,9261],[3.7316994512968646,0.691153161953081,2.958509563063383,5.117993812416755,4.019381523748645,4.137164559405029,5.117993812416755,4.019381523748645,2.6330871626287546,0.691153161953081,0.6714286566053024,0.691153161953081,0.691153161953081,4.270695952029551,5.523458920524919])",0.0
F021,"result, without, star., event, theory, officer, move, building., —, shocking, claims, secret, cure, surface, internet.","(10000,[399,503,696,1468,2278,3892,4043,5850,6097,6282,6747,7281,7728,7936,8338],[3.4440173788450834,0.691153161953081,4.42484663185681,4.019381523748645,5.117993812416755,2.5530444549552183,4.42484663185681,0.691153161953081,5.117993812416755,4.019381523748645,2.5530444549552183,0.6714286566053024,4.137164559405029,0.691153161953081,0.691153161953081])",0.0
R039,"scene, around, lead, there., party, true, chair, lot, perhaps, act., experts, discuss, ongoing, developments, economic, growth.","(10000,[681,1259,1379,2141,3614,4506,4687,4943,5356,5804,5844,6197,7188,9034,9144,9462],[4.607168188650764,3.6516567436233283,3.914021008090819,5.523458920524919,0.691153161953081,0.691153161953081,0.691153161953081,4.019381523748645,4.607168188650764,5.523458920524919,4.270695952029551,4.270695952029551,4.019381523748645,2.8154087194227095,2.7826188965997183,0.691153161953081])",1.0
F061,"sea, prevent, really, consider, rule, republican., —, shocking, claims, miracle, drug, surface, internet.","(10000,[312,343,503,1256,3252,4112,5850,5966,7281,7860,7936,8338,9617],[4.42484663185681,4.270695952029551,0.691153161953081,3.125563647726549,4.137164559405029,4.137164559405029,0.691153161953081,4.830311739964974,0.6714286566053024,2.997730276216664,0.691153161953081,0.691153161953081,4.137164559405029])",0.0
R057,"tend, option, take, listen., inside, since, sing, remember, answer., experts, discuss, ongoing, developments, technology, breakthrough.","(10000,[855,1020,1810,2086,2227,2826,3614,4506,4687,5685,6287,6451,9066,9462,9613],[4.270695952029551,2.6330871626287546,3.8187108282864943,4.137164559405029,2.7200985396183848,5.523458920524919,0.691153161953081,0.691153161953081,0.691153161953081,4.830311739964974,4.137164559405029,3.383392757028649,3.914021008090819,0.691153161953081,4.137164559405029])",1.0
F154,"great, claim, floor, effort, arm, debate., carry, relate, house, physical, long., save, within, price, remain, night, huge., —, shocking, claims, immortal, jellyfish, surface, internet.","(10000,[273,454,503,750,988,1738,2066,3479,3984,4319,4520,5205,5321,5726,5836,5850,6869,7281,7936,8338,8649,8937,9817,9876],[5.117993812416755,3.7316994512968646,0.691153161953081,4.42484663185681,3.914021008090819,4.607168188650764,2.7508701982851385,4.830311739964974,4.019381523748645,3.5085558999826545,4.137164559405029,4.137164559405029,4.019381523748645,3.7316994512968646,4.607168188650764,0.691153161953081,4.270695952029551,0.6714286566053024,0.691153161953081,0.691153161953081,4.019381523748645,4.270695952029551,4.42484663185681,2.7508701982851385])",0.0
F052,"reality, thought, wife., professor, believe, gas, nothing, continue, yet, rule., result, particular, law, base, middle, year., —, shocking, claims, mind, control, surface, internet.","(10000,[55,399,503,533,680,743,1208,2543,3184,3979,4037,4292,5399,5607,5850,7281,7517,7711,7936,8173,8338,8984,9878],[3.8187108282864943,3.4440173788450834,0.691153161953081,4.42484663185681,4.607168188650764,3.914021008090819,2.7826188965997183,3.8187108282864943,2.920769235080536,4.019381523748645,4.019381523748645,4.270695952029551,4.607168188650764,4.607168188650764,0.691153161953081,0.6714286566053024,5.117993812416755,5.117993812416755,0.691153161953081,3.6516567436233283,0.691153161953081,4.019381523748645,4.607168188650764])",0.0
F124,"final, employee, much, single, wide., affect, heart, wonder, trade, nothing, yard, argue., —, shocking, claims, flat, earth, surface, internet.","(10000,[419,424,503,524,1653,2918,4292,4321,4723,5850,6055,6548,7281,7509,7889,7936,8338,9676,9808],[4.42484663185681,4.137164559405029,0.691153161953081,3.577548771469606,4.42484663185681,3.0385522707369192,4.270695952029551,5.523458920524919,4.137164559405029,0.691153161953081,4.270695952029551,4.137164559405029,0.6714286566053024,5.523458920524919,4.607168188650764,0.691153161953081,0.691153161953081,3.0385522707369192,3.7316994512968646])",0.0
R071,"camera, expect, talk, total, make, response., end, result, risk, mention, help, call, image., yet, firm, inside, ask., experts, discuss, ongoing, developments, budget, report.","(10000,[399,453,1650,1868,2609,2907,3525,3614,3691,4037,4506,4687,4991,5146,5432,6279,8794,8894,8925,9066,9347,9462,9604],[3.4440173788450834,3.914021008090819,4.137164559405029,5.523458920524919,4.830311739964974,4.270695952029551,4.270695952029551,0.691153161953081,4.137164559405029,4.019381523748645,0.691153161953081,0.691153161953081,2.6330871626287546,3.914021008090819,2.6902455764687034,4.137164559405029,4.42484663185681,4.019381523748645,4.270695952029551,3.914021008090819,4.137164559405029,0.691153161953081,5.117993812416755])",1.0
R152,"baby, oil, participant, help, former, pm., experts, discuss, ongoing, developments, budget, report.","(10000,[1348,3614,4160,4506,4687,4991,5396,5432,6035,6486,9347,9462],[3.914021008090819,0.691153161953081,4.830311739964974,0.691153161953081,0.691153161953081,2.6330871626287546,4.42484663185681,2.6902455764687034,3.577548771469606,4.830311739964974,4.137164559405029,0.691153161953081])",1.0
F038,"card, anything, draw, forget, concern, read., little, hour, sense., —, shocking, claims, mind, control, surface, internet.","(10000,[353,503,527,1208,1590,1968,2114,2144,3184,5850,7146,7281,7936,8167,8338,9459],[4.137164559405029,0.691153161953081,4.137164559405029,2.7826188965997183,3.914021008090819,3.914021008090819,4.607168188650764,4.607168188650764,2.920769235080536,0.691153161953081,4.42484663185681,0.6714286566053024,0.691153161953081,4.137164559405029,0.691153161953081,5.117993812416755])",0.0
F101,"newspaper, nice, even, join, administration, door, green., production, sign, feeling, federal, learn, continue., —, shocking, claims, immortal, jellyfish, surface, internet.","(10000,[503,613,633,2066,3238,3370,4847,5185,5850,5967,6221,6406,6756,7016,7281,7936,8338,8353,8952,9876],[0.691153161953081,3.914021008090819,4.270695952029551,2.7508701982851385,3.914021008090819,4.137164559405029,4.137164559405029,3.8187108282864943,0.691153161953081,4.019381523748645,5.117993812416755,4.270695952029551,3.3262343431887,4.607168188650764,0.6714286566053024,0.691153161953081,0.691153161953081,4.42484663185681,5.117993812416755,2.7508701982851385])",0.0
F203,"nation, bit, imagine, fine, democratic, sell, family., finally, court, movie, history., —, shocking, claims, celebrity, scandal, surface, internet.","(10000,[503,1439,1817,1989,3486,4014,4485,4568,4921,5301,5606,5850,6431,7281,7424,7936,8033,8338],[0.691153161953081,3.5085558999826545,3.8187108282864943,4.137164559405029,2.849310271098391,4.270695952029551,5.117993812416755,4.270695952029551,2.849310271098391,4.42484663185681,3.6516567436233283,0.691153161953081,4.270695952029551,0.6714286566053024,4.830311739964974,0.691153161953081,4.830311739964974,0.691153161953081])",0.0
F192,"special, east, company, firm., key, fear, level, teach, wall., size, arrive, boy, recent., —, shocking, claims, government, cover-up, surface, internet.","(10000,[157,503,942,1055,1499,2259,2551,3072,3131,3192,5850,6576,7117,7281,7391,7936,8338,8522,9513,9813],[3.6516567436233283,0.691153161953081,4.270695952029551,3.7316994512968646,4.830311739964974,2.849310271098391,5.523458920524919,5.117993812416755,4.830311739964974,4.137164559405029,0.691153161953081,3.7316994512968646,4.830311739964974,0.6714286566053024,4.137164559405029,0.691153161953081,0.691153161953081,4.019381523748645,3.914021008090819,2.997730276216664])",0.0
R189,"position, glass, attack, memory., east, three, machine, bed, why., throughout, garden., experts, discuss, ongoing, developments, climate, change.","(10000,[821,1339,2059,3614,4506,4687,5693,5925,5948,6079,6576,6740,6932,7432,8040,9462,9497],[2.849310271098391,4.019381523748645,2.661258039595451,0.691153161953081,0.691153161953081,0.691153161953081,4.270695952029551,3.7316994512968646,4.270695952029551,5.117993812416755,3.7316994512968646,4.830311739964974,4.830311739964974,5.117993812416755,3.577548771469606,0.691153161953081,4.42484663185681])",1.0
R098,"room, resource, pm, less, upon, word., plan, traditional, increase, animal, system., experts, discuss, ongoing, developments, election.","(10000,[494,1195,1670,3556,3614,4486,4506,4687,5006,6123,6358,6735,7026,7360,7963,9462],[4.607168188650764,4.137164559405029,4.270695952029551,2.7826188965997183,0.691153161953081,3.914021008090819,0.691153161953081,0.691153161953081,5.117993812416755,4.137164559405029,5.117993812416755,4.270695952029551,3.914021008090819,4.019381523748645,3.8187108282864943,0.691153161953081])",1.0
R149,"executive, person, camera, budget., lay, kind., mrs, away, include., experts, discuss, ongoing, developments, economic, growth.","(10000,[1222,1650,2784,3249,3614,3737,4475,4506,4687,8403,9034,9144,9462,9751,9966],[4.607168188650764,4.137164559405029,5.117993812416755,3.5085558999826545,0.691153161953081,3.7316994512968646,4.270695952029551,0.691153161953081,0.691153161953081,4.830311739964974,2.8154087194227095,2.7826188965997183,0.691153161953081,3.914021008090819,4.270695952029551])",1.0
R046,"sure, station, subject, trial, ask, leg., message, candidate, real, television, benefit, eight., experts, discuss, ongoing, developments, education.","(10000,[460,1238,1821,2715,3410,3507,3614,4358,4506,4687,5047,5653,8415,8655,8713,9462,9691],[4.830311739964974,5.117993812416755,4.137164559405029,5.117993812416755,4.607168188650764,4.42484663185681,0.691153161953081,3.8187108282864943,0.691153161953081,0.691153161953081,2.661258039595451,4.42484663185681,4.270695952029551,4.42484663185681,4.137164559405029,0.691153161953081,3.914021008090819])",1.0
F055,"recent, toward, least, smile, offer, spring., none, weight, project, style., —, shocking, claims, hoax, surface, internet.","(10000,[503,1634,2230,2713,2958,3194,3500,4377,5591,5850,7281,7936,8004,8338,9183,9831],[0.691153161953081,3.8187108282864943,4.270695952029551,4.137164559405029,4.270695952029551,3.577548771469606,5.523458920524919,2.60568818844064,4.607168188650764,0.691153161953081,0.6714286566053024,0.691153161953081,4.42484663185681,0.691153161953081,5.523458920524919,4.607168188650764])",0.0
F159,"history, store, national, simple., well, bank, free, back, accept, product., prove, specific, where., —, shocking, claims, flat, earth, surface, internet.","(10000,[157,503,1073,2059,2657,2918,4270,4522,4805,5214,5850,6543,7184,7281,7910,7936,8338,8430,8982,9676],[3.6516567436233283,0.691153161953081,3.914021008090819,2.661258039595451,3.8187108282864943,3.0385522707369192,5.117993812416755,4.830311739964974,5.117993812416755,4.607168188650764,0.691153161953081,4.019381523748645,4.137164559405029,0.6714286566053024,4.137164559405029,0.691153161953081,0.691153161953081,4.42484663185681,4.137164559405029,3.0385522707369192])",0.0
F083,"attorney, resource, push, eight, start., sometimes, agent, force, set, play., garden, participant, trip., —, shocking, claims, secret, cure, surface, internet.","(10000,[391,503,1670,3892,4517,4853,5016,5342,5396,5850,5869,5936,5978,6747,6865,7281,7936,8049,8338,8482],[3.4440173788450834,0.691153161953081,4.270695952029551,2.5530444549552183,4.830311739964974,4.607168188650764,4.137164559405029,4.42484663185681,4.42484663185681,0.691153161953081,4.42484663185681,4.019381523748645,4.830311739964974,2.5530444549552183,5.523458920524919,0.6714286566053024,0.691153161953081,5.523458920524919,0.691153161953081,3.577548771469606])",0.0
R109,"bar, site, cut, whole., skin, hear, part, senior, phone, yard, free, win., experts, discuss, ongoing, developments, education.","(10000,[424,1073,1206,1626,3073,3614,4144,4506,4687,4842,5047,5833,5891,6436,7332,8740,9462],[4.137164559405029,3.914021008090819,4.019381523748645,4.137164559405029,5.117993812416755,0.691153161953081,3.8187108282864943,0.691153161953081,0.691153161953081,4.42484663185681,2.661258039595451,4.42484663185681,4.270695952029551,5.523458920524919,3.914021008090819,4.830311739964974,0.691153161953081])",1.0
R102,"sure, cultural, past, recognize, skin., population, wife, media, view, total, among., experts, discuss, ongoing, developments, climate, change.","(10000,[821,1209,1821,2059,2071,2706,3021,3614,4506,4687,6279,7293,8171,9233,9258,9275,9462],[2.849310271098391,5.117993812416755,4.137164559405029,2.661258039595451,4.830311739964974,5.117993812416755,4.830311739964974,0.691153161953081,0.691153161953081,0.691153161953081,4.137164559405029,4.270695952029551,3.914021008090819,5.117993812416755,3.7316994512968646,4.137164559405029,0.691153161953081])",1.0
R060,"people, baby, turn, glass., simply, candidate, ago, much, decade, drug., experts, discuss, ongoing, developments, election.","(10000,[524,1348,1642,1896,3556,3614,3886,3980,4263,4358,4506,4687,6030,9432,9462],[3.577548771469606,3.914021008090819,4.607168188650764,4.019381523748645,2.7826188965997183,0.691153161953081,3.914021008090819,5.117993812416755,4.42484663185681,3.8187108282864943,0.691153161953081,0.691153161953081,4.42484663185681,3.914021008090819,0.691153161953081])",1.0
F085,"customer, paper, suggest, guess., painting, writer, town, alone, parent, believe., place, opportunity, deal, difficult, call, think, prevent., —, shocking, claims, secret, cure, surface, internet.","(10000,[503,586,1034,1413,1433,1712,2335,2338,2492,3892,4715,5146,5850,6390,6747,6906,6976,7255,7281,7816,7936,8338,8690,9932],[0.691153161953081,4.607168188650764,4.270695952029551,3.7316994512968646,4.270695952029551,4.019381523748645,3.6516567436233283,4.607168188650764,3.7316994512968646,2.5530444549552183,4.830311739964974,3.914021008090819,0.691153161953081,4.270695952029551,2.5530444549552183,4.270695952029551,4.270695952029551,5.523458920524919,0.6714286566053024,4.270695952029551,0.691153161953081,0.691153161953081,3.8187108282864943,4.137164559405029])",0.0
F188,"say, nothing, stand, rather, ability, century, act, not., bag, sing, recently, sometimes, opportunity, company., —, shocking, claims, hoax, surface, internet.","(10000,[415,503,2034,2837,3008,3681,4292,4377,5850,5862,5869,6451,6886,6928,6976,7281,7841,7936,8338,9121],[4.42484663185681,0.691153161953081,4.42484663185681,4.607168188650764,5.117993812416755,3.914021008090819,4.270695952029551,2.60568818844064,0.691153161953081,4.137164559405029,4.42484663185681,3.383392757028649,4.137164559405029,3.8187108282864943,4.270695952029551,0.6714286566053024,3.7316994512968646,0.691153161953081,0.691153161953081,5.117993812416755])",0.0
F131,"order, behind, speak, us, behind, fish, draw., fact, idea, sound, store, claim, according, state., choose, bad, practice., —, shocking, claims, hoax, surface, internet.","(10000,[503,1226,1376,3567,3759,4346,4377,4732,5850,5958,6166,6660,7184,7215,7281,7564,7936,7956,8338,8929,8937,9706],[0.691153161953081,3.914021008090819,4.270695952029551,4.830311739964974,4.607168188650764,8.274329118810059,2.60568818844064,4.830311739964974,0.691153161953081,3.8187108282864943,4.607168188650764,4.42484663185681,4.137164559405029,3.914021008090819,0.6714286566053024,3.7316994512968646,0.691153161953081,5.117993812416755,0.691153161953081,5.117993812416755,4.270695952029551,4.019381523748645])",0.0
R202,"student, take, offer, financial, mission, pm, strategy, watch., rule, certainly, property, food, issue, eight, another., experts, discuss, ongoing, developments, public, health.","(10000,[343,673,855,1770,2291,2519,2733,2958,3536,3614,4506,4687,6069,6219,6616,7026,7407,7963,8482,8653,9462],[4.270695952029551,4.137164559405029,4.270695952029551,2.920769235080536,4.019381523748645,5.117993812416755,4.42484663185681,4.270695952029551,4.137164559405029,0.691153161953081,0.691153161953081,0.691153161953081,4.019381523748645,3.125563647726549,4.019381523748645,3.914021008090819,3.7316994512968646,3.8187108282864943,3.577548771469606,4.019381523748645,0.691153161953081])",1.0
F111,"everything, full, watch., early, evidence., three, bill, serious, piece, month, son., —, shocking, claims, celebrity, scandal, surface, internet.","(10000,[503,1117,1440,2519,3133,3486,4092,4921,5741,5850,5925,7281,7936,8135,8338,8897,9156,9588],[0.691153161953081,4.42484663185681,4.830311739964974,5.117993812416755,4.270695952029551,2.849310271098391,5.117993812416755,2.849310271098391,4.42484663185681,0.691153161953081,3.7316994512968646,0.6714286566053024,0.691153161953081,3.914021008090819,0.691153161953081,4.270695952029551,3.914021008090819,5.117993812416755])",0.0
R151,"raise, scene, debate, able., force, experience, include., mission, drop, positive., camera, use, try, something, cover, democratic, it., experts, discuss, ongoing, developments, policy.","(10000,[391,1650,3527,3614,3635,4506,4687,4693,5133,5606,5844,6069,6104,6944,7801,7805,8276,8403,8577,8730,9462,9826],[3.4440173788450834,4.137164559405029,4.270695952029551,0.691153161953081,5.117993812416755,0.691153161953081,0.691153161953081,4.137164559405029,3.8187108282864943,3.6516567436233283,4.270695952029551,4.019381523748645,4.830311739964974,2.849310271098391,5.523458920524919,4.607168188650764,3.914021008090819,4.830311739964974,4.270695952029551,5.117993812416755,0.691153161953081,4.019381523748645])",1.0
F058,"real, hard, return., power, lot, certain, thus., onto, clearly, billion, ago, list, whose, type., —, shocking, claims, government, cover-up, surface, internet.","(10000,[258,503,1896,2259,2849,3056,4319,4943,5125,5850,7281,7936,8238,8338,8684,8728,9288,9539,9691,9700,9813],[4.019381523748645,0.691153161953081,4.019381523748645,2.849310271098391,5.117993812416755,4.270695952029551,3.5085558999826545,4.019381523748645,4.270695952029551,0.691153161953081,0.6714286566053024,0.691153161953081,4.270695952029551,0.691153161953081,5.523458920524919,4.607168188650764,4.137164559405029,4.137164559405029,3.914021008090819,5.117993812416755,2.997730276216664])",0.0
R164,"sport, adult, writer, really, act, begin, suggest, every., performance, good, thousand, family., box, consider, ability, reflect, discover., experts, discuss, ongoing, developments, education.","(10000,[72,312,1513,1848,3614,3681,4112,4506,4687,5047,5321,6168,6798,6906,6928,7816,7922,8033,8278,8997,9351,9462],[3.914021008090819,4.42484663185681,4.42484663185681,5.523458920524919,0.691153161953081,3.914021008090819,4.137164559405029,0.691153161953081,0.691153161953081,2.661258039595451,4.019381523748645,4.607168188650764,4.270695952029551,4.270695952029551,3.8187108282864943,4.270695952029551,4.270695952029551,4.830311739964974,4.42484663185681,5.523458920524919,4.270695952029551,0.691153161953081])",1.0
F242,"popular, free, least, color., road, hope, worry, wife, bar, item., difference, popular, station, million, tax., —, shocking, claims, celebrity, scandal, surface, internet.","(10000,[503,1073,1634,2494,3021,3486,4529,4921,5725,5850,6000,6148,7281,7299,7332,7866,7936,8338,8343,8415,8651],[0.691153161953081,3.914021008090819,3.8187108282864943,5.117993812416755,4.830311739964974,2.849310271098391,4.830311739964974,2.849310271098391,4.019381523748645,0.691153161953081,4.270695952029551,8.541391904059102,0.6714286566053024,5.117993812416755,3.914021008090819,4.42484663185681,0.691153161953081,0.691153161953081,4.607168188650764,4.270695952029551,3.914021008090819])",0.0
F064,"nation, may, serious, success, rich, doctor, college., item, summer, daughter, high, another., line, bank, reveal, charge., —, shocking, claims, mind, control, surface, internet.","(10000,[503,777,1117,1182,1208,1507,1916,2116,3184,4014,4722,5850,6212,7281,7623,7936,7963,8338,8982,9160,9481,9578,9828],[0.691153161953081,4.42484663185681,4.42484663185681,4.270695952029551,2.7826188965997183,4.607168188650764,4.270695952029551,4.42484663185681,2.920769235080536,4.270695952029551,5.117993812416755,0.691153161953081,4.270695952029551,0.6714286566053024,4.137164559405029,0.691153161953081,3.8187108282864943,0.691153161953081,4.137164559405029,4.607168188650764,4.830311739964974,4.830311739964974,3.8187108282864943])",0.0
R228,"detail, involve, anyone, task., create, admit, writer, course, author, sea., experts, discuss, ongoing, developments, education.","(10000,[666,1143,1404,3614,3652,4506,4687,5047,5268,6271,6906,7034,8714,9350,9462],[3.914021008090819,3.914021008090819,4.019381523748645,0.691153161953081,4.019381523748645,0.691153161953081,0.691153161953081,2.661258039595451,5.117993812416755,4.830311739964974,4.270695952029551,4.830311739964974,4.830311739964974,4.42484663185681,0.691153161953081])",1.0
R210,"recent, buy, learn, six., image, per, hold, lot, option, catch, wrong, edge., experts, discuss, ongoing, developments, economic, growth.","(10000,[80,298,2389,3004,3614,4506,4687,4943,5303,5591,5967,6512,7949,8859,9034,9144,9462,9613],[4.830311739964974,4.019381523748645,4.42484663185681,5.117993812416755,0.691153161953081,0.691153161953081,0.691153161953081,4.019381523748645,3.914021008090819,4.607168188650764,4.019381523748645,4.42484663185681,3.8187108282864943,4.830311739964974,2.8154087194227095,2.7826188965997183,0.691153161953081,4.137164559405029])",1.0
R156,"wrong, issue, detail, land, best., late, others, treatment, general., far, north, dark, tend, use, charge., experts, discuss, ongoing, developments, policy.","(10000,[697,1143,1778,1810,3079,3614,4158,4506,4687,4722,5133,6043,6512,6616,6940,6944,7148,8015,9462,9543],[4.270695952029551,3.914021008090819,4.270695952029551,3.8187108282864943,3.5085558999826545,0.691153161953081,4.137164559405029,0.691153161953081,0.691153161953081,5.117993812416755,3.8187108282864943,5.523458920524919,4.42484663185681,4.019381523748645,4.019381523748645,2.849310271098391,4.270695952029551,5.117993812416755,0.691153161953081,4.830311739964974])",1.0
R192,"boy, continue, century, field, left, call., indicate, read, alone, investment., experts, discuss, ongoing, developments, climate, change.","(10000,[157,743,821,1662,1734,2059,2492,3244,3614,4506,4687,6485,7074,7650,7841,9462],[3.6516567436233283,3.914021008090819,2.849310271098391,4.830311739964974,4.830311739964974,2.661258039595451,3.7316994512968646,5.117993812416755,0.691153161953081,0.691153161953081,0.691153161953081,4.019381523748645,3.914021008090819,4.270695952029551,3.7316994512968646,0.691153161953081])",1.0
F102,"development, hour, affect, small, top, front., respond, early, whose, stock., —, shocking, claims, government, cover-up, surface, internet.","(10000,[222,503,527,2259,2500,2871,4092,4253,4644,5328,5850,6055,7281,7936,8338,9539,9813],[4.137164559405029,0.691153161953081,4.137164559405029,2.849310271098391,4.019381523748645,4.137164559405029,5.117993812416755,4.830311739964974,5.523458920524919,3.6516567436233283,0.691153161953081,4.270695952029551,0.6714286566053024,0.691153161953081,0.691153161953081,4.137164559405029,2.997730276216664])",0.0
R237,"culture, area, water, detail., experts, discuss, ongoing, developments, election.","(10000,[2336,2589,3556,3614,4506,4687,5649,8645,9462],[4.42484663185681,4.019381523748645,2.7826188965997183,0.691153161953081,0.691153161953081,0.691153161953081,4.270695952029551,3.8187108282864943,0.691153161953081])",1.0
F015,"company, throughout, carry, buy, bag, share., go, go, develop., —, shocking, claims, immortal, jellyfish, surface, internet.","(10000,[80,415,454,503,942,2066,3032,5063,5850,5948,6451,7281,7936,8338,9876],[4.830311739964974,4.42484663185681,3.7316994512968646,0.691153161953081,4.270695952029551,2.7508701982851385,5.523458920524919,4.830311739964974,0.691153161953081,4.270695952029551,6.766785514057298,0.6714286566053024,0.691153161953081,0.691153161953081,2.7508701982851385])",0.0
F020,"laugh, everybody, city, energy, space., blood, create, half, exactly, decade, others, pm., —, shocking, claims, celebrity, scandal, surface, internet.","(10000,[503,1098,1404,1780,2096,2359,2561,3486,4921,5495,5850,6030,6486,6940,7098,7281,7936,8307,8338],[0.691153161953081,4.137164559405029,4.019381523748645,4.270695952029551,4.830311739964974,4.270695952029551,4.019381523748645,2.849310271098391,2.849310271098391,4.607168188650764,0.691153161953081,4.42484663185681,4.830311739964974,4.019381523748645,4.830311739964974,0.6714286566053024,0.691153161953081,4.137164559405029,0.691153161953081])",0.0
R083,"project, order, conference, officer., often, standard, away, southern, yourself., experts, discuss, ongoing, developments, election.","(10000,[7,1226,2230,2967,3556,3614,3737,3743,4506,4687,5657,6511,7321,9462],[4.270695952029551,3.914021008090819,4.270695952029551,4.607168188650764,2.7826188965997183,0.691153161953081,3.7316994512968646,4.270695952029551,0.691153161953081,0.691153161953081,4.42484663185681,5.117993812416755,5.117993812416755,0.691153161953081])",1.0
F035,"like, movie, friend, structure, sea, they., —, shocking, claims, hoax, surface, internet.","(10000,[488,503,1439,1777,2996,3330,4377,5850,7281,7936,8338,9617],[3.7316994512968646,0.691153161953081,3.5085558999826545,5.523458920524919,3.5085558999826545,4.019381523748645,2.60568818844064,0.691153161953081,0.6714286566053024,0.691153161953081,0.691153161953081,4.137164559405029])",0.0
R082,"senior, one, employee, heavy., name, career, deal, task, ground, four, sound, decide., ago, officer, surface, huge, like., experts, discuss, ongoing, developments, budget, report.","(10000,[15,696,815,1243,1411,1433,1896,2198,3614,4144,4310,4506,4687,4930,4991,5432,6166,6487,6548,7281,8451,9190,9462],[4.42484663185681,4.42484663185681,4.42484663185681,4.270695952029551,5.523458920524919,4.270695952029551,4.019381523748645,4.42484663185681,0.691153161953081,3.8187108282864943,5.117993812416755,0.691153161953081,0.691153161953081,3.914021008090819,2.6330871626287546,2.6902455764687034,4.607168188650764,3.5085558999826545,4.137164559405029,0.6714286566053024,4.607168188650764,5.117993812416755,0.691153161953081])",1.0
F114,"imagine, three, card, small, certain, accept., defense, good, address, adult, catch, country, measure, drug., —, shocking, claims, mind, control, surface, internet.","(10000,[72,222,503,528,1208,1352,2144,3184,3543,3980,4454,5301,5850,5925,6168,7281,7870,7936,7949,8338,9288],[3.914021008090819,4.137164559405029,0.691153161953081,3.8187108282864943,2.7826188965997183,5.523458920524919,4.607168188650764,2.920769235080536,3.914021008090819,5.117993812416755,4.607168188650764,4.42484663185681,0.691153161953081,3.7316994512968646,4.607168188650764,0.6714286566053024,4.270695952029551,0.691153161953081,3.8187108282864943,0.691153161953081,4.137164559405029])",0.0
F179,"read, friend, democratic, movie, mind., lead, heart, matter, your., —, shocking, claims, secret, cure, surface, internet.","(10000,[488,503,1439,2402,3892,4198,5356,5606,5850,6747,6764,7281,7650,7936,8338,9808],[3.7316994512968646,0.691153161953081,3.5085558999826545,3.8187108282864943,2.5530444549552183,5.117993812416755,4.607168188650764,3.6516567436233283,0.691153161953081,2.5530444549552183,5.523458920524919,0.6714286566053024,4.270695952029551,0.691153161953081,0.691153161953081,3.7316994512968646])",0.0
F026,"forget, often, tend, article., marriage, study, reveal, fund, reduce, democratic., lose, air., —, shocking, claims, celebrity, scandal, surface, internet.","(10000,[7,503,1507,1810,1918,3486,4214,4224,4422,4638,4921,5850,6229,6340,7146,7281,7936,8159,8338],[4.270695952029551,0.691153161953081,4.607168188650764,3.8187108282864943,4.830311739964974,2.849310271098391,5.117993812416755,4.137164559405029,4.42484663185681,3.5085558999826545,2.849310271098391,0.691153161953081,4.137164559405029,5.117993812416755,4.42484663185681,0.6714286566053024,0.691153161953081,4.019381523748645,0.691153161953081])",0.0
R217,"pass, recognize, bar, particularly, necessary., avoid, or., experts, discuss, ongoing, developments, election.","(10000,[1107,1388,3556,3614,4506,4687,6443,7332,8171,8392,9462,9718],[5.523458920524919,4.607168188650764,2.7826188965997183,0.691153161953081,0.691153161953081,0.691153161953081,3.7316994512968646,3.914021008090819,3.914021008090819,4.607168188650764,0.691153161953081,5.117993812416755])",1.0
F009,"pull, finish, republican., purpose, common, drive, very., consumer, total, price, girl, oil, medical., —, shocking, claims, celebrity, scandal, surface, internet.","(10000,[503,1029,1738,3486,4921,5850,5966,6035,6279,6325,6332,6466,6578,6597,7281,7936,8089,8338,9210,9475],[0.691153161953081,3.914021008090819,4.607168188650764,2.849310271098391,2.849310271098391,0.691153161953081,4.830311739964974,3.577548771469606,4.137164559405029,4.830311739964974,4.42484663185681,4.830311739964974,3.8187108282864943,4.270695952029551,0.6714286566053024,0.691153161953081,4.42484663185681,0.691153161953081,5.117993812416755,4.137164559405029])",0.0
F240,"although, another, weight, rest, idea, international., full, foreign, former, executive., —, shocking, claims, aliens, surface, internet.","(10000,[503,650,751,2708,2886,4160,5850,5958,6206,7281,7779,7936,8004,8166,8338,8897],[0.691153161953081,2.958509563063383,4.830311739964974,3.914021008090819,5.523458920524919,4.830311739964974,0.691153161953081,3.8187108282864943,4.019381523748645,0.6714286566053024,4.019381523748645,0.691153161953081,4.42484663185681,4.270695952029551,0.691153161953081,4.270695952029551])",0.0
R216,"discover, feeling, team., age, rest, car, employee., question, commercial, car, rich, popular., notice, recognize, type, day., experts, discuss, ongoing, developments, research.","(10000,[613,1525,1842,2708,2947,3526,3614,3674,4170,4506,4687,6021,6212,6443,7066,7786,8171,8408,8791,9462],[3.914021008090819,4.019381523748645,5.117993812416755,3.914021008090819,4.830311739964974,4.019381523748645,0.691153161953081,8.03876304749729,4.019381523748645,0.691153161953081,0.691153161953081,4.270695952029551,4.270695952029551,3.7316994512968646,2.849310271098391,5.117993812416755,3.914021008090819,4.270695952029551,4.137164559405029,0.691153161953081])",1.0
F129,"feel, maintain, bill, security., finish, kind, item, despite, another, whatever., six, stuff, soon, teacher, another, end., —, shocking, claims, flat, earth, surface, internet.","(10000,[503,1041,1301,1553,1916,2918,3115,4959,5247,5401,5850,6044,6578,7281,7722,7936,8135,8166,8338,8423,8708,9676],[0.691153161953081,4.42484663185681,3.7316994512968646,5.523458920524919,4.270695952029551,3.0385522707369192,4.607168188650764,4.019381523748645,4.607168188650764,3.8187108282864943,0.691153161953081,4.42484663185681,3.8187108282864943,0.6714286566053024,4.270695952029551,0.691153161953081,3.914021008090819,8.541391904059102,0.691153161953081,5.117993812416755,4.270695952029551,3.0385522707369192])",0.0
R197,"cost, center, full, bank., full, collection, dog, century, capital., learn, anyone, discussion, blue, key., experts, discuss, ongoing, developments, education.","(10000,[101,666,1480,3614,4490,4506,4657,4687,5047,5315,5768,5967,7841,8209,8897,9462,9564,9615],[5.117993812416755,3.914021008090819,4.607168188650764,0.691153161953081,4.019381523748645,0.691153161953081,5.117993812416755,0.691153161953081,2.661258039595451,4.42484663185681,3.914021008090819,4.019381523748645,3.7316994512968646,3.914021008090819,8.541391904059102,0.691153161953081,4.137164559405029,5.117993812416755])",1.0
F142,"according, draw, party, form., defense, read, nothing, change, explain, call, science, arrive., kid, argue, force, despite, way, least., —, shocking, claims, government, cover-up, surface, internet.","(10000,[387,391,503,1301,1379,2259,3163,3363,3543,3723,3730,4249,4292,5146,5341,5842,5850,7281,7564,7650,7936,8167,8338,9391,9813],[3.914021008090819,3.4440173788450834,0.691153161953081,3.7316994512968646,3.914021008090819,2.849310271098391,4.607168188650764,4.270695952029551,3.914021008090819,3.7316994512968646,4.019381523748645,5.523458920524919,4.270695952029551,3.914021008090819,4.607168188650764,4.830311739964974,0.691153161953081,0.6714286566053024,3.7316994512968646,4.270695952029551,0.691153161953081,4.137164559405029,0.691153161953081,3.914021008090819,2.997730276216664])",0.0
R140,"sometimes, health, best, north., similar, create, while., likely, sit, hard, least, soldier, international, financial., experts, discuss, ongoing, developments, climate, change.","(10000,[188,309,763,821,1109,1404,1634,2059,2802,3614,4141,4506,4687,5125,5869,6946,7046,8391,8805,9462],[4.42484663185681,3.8187108282864943,4.270695952029551,2.849310271098391,5.523458920524919,4.019381523748645,3.8187108282864943,2.661258039595451,5.117993812416755,0.691153161953081,4.607168188650764,0.691153161953081,0.691153161953081,4.270695952029551,4.42484663185681,3.6516567436233283,4.607168188650764,4.607168188650764,4.42484663185681,0.691153161953081])",1.0
R165,"instead, answer, various, bill, hair, sing., discover, let, father, character, also., total, point, structure, raise, particular, success, carry., experts, discuss, ongoing, developments, budget, report.","(10000,[1800,2996,3527,3614,3619,3881,4066,4170,4416,4506,4527,4687,4867,4991,5432,6279,6647,7664,8121,8135,8267,8984,9462,9828],[3.8187108282864943,3.5085558999826545,4.270695952029551,0.691153161953081,4.42484663185681,5.117993812416755,5.523458920524919,4.019381523748645,5.523458920524919,0.691153161953081,4.270695952029551,0.691153161953081,4.42484663185681,2.6330871626287546,2.6902455764687034,4.137164559405029,4.137164559405029,4.270695952029551,5.523458920524919,3.914021008090819,4.830311739964974,4.019381523748645,0.691153161953081,3.8187108282864943])",1.0
R139,"college, number, student, amount, little, change, should., analysis, give, song, yeah, tree., decide, magazine, sister, see, whom., experts, discuss, ongoing, developments, education.","(10000,[320,387,735,1296,1590,3249,3521,3536,3614,3783,4506,4687,5047,5354,7222,7350,8057,8293,8413,8519,9357,9462],[4.019381523748645,3.914021008090819,4.137164559405029,3.8187108282864943,3.914021008090819,3.5085558999826545,4.607168188650764,4.137164559405029,0.691153161953081,3.6516567436233283,0.691153161953081,0.691153161953081,2.661258039595451,4.137164559405029,4.607168188650764,4.019381523748645,3.8187108282864943,4.42484663185681,4.270695952029551,5.117993812416755,4.830311739964974,0.691153161953081])",1.0
F232,"spend, meeting, notice, focus, side, turn, buy., state, project., game, prepare, develop, stage, market, current., —, shocking, claims, hoax, surface, internet.","(10000,[20,30,353,503,526,1241,1525,1808,2286,2657,3886,3931,4377,5101,5850,6000,7281,7936,8338,8975,9781],[4.270695952029551,4.019381523748645,4.137164559405029,0.691153161953081,5.523458920524919,3.577548771469606,4.019381523748645,4.019381523748645,4.137164559405029,3.8187108282864943,3.914021008090819,3.8187108282864943,2.60568818844064,5.523458920524919,0.691153161953081,4.270695952029551,0.6714286566053024,0.691153161953081,0.691153161953081,4.607168188650764,4.019381523748645])",0.0
F108,"house, site, special, mission, interest, case., region, beat, fund, forget, never, hundred., hand, stock, tax, american, section., —, shocking, claims, celebrity, scandal, surface, internet.","(10000,[70,281,503,793,1055,1133,2569,3423,3486,4638,4921,5836,5850,5891,6069,6587,6752,7146,7281,7652,7692,7936,8159,8338],[3.8187108282864943,4.019381523748645,0.691153161953081,4.42484663185681,3.7316994512968646,4.830311739964974,3.5085558999826545,4.019381523748645,2.849310271098391,3.5085558999826545,2.849310271098391,4.607168188650764,0.691153161953081,4.270695952029551,4.019381523748645,5.117993812416755,5.523458920524919,4.42484663185681,0.6714286566053024,4.607168188650764,4.830311739964974,0.691153161953081,4.019381523748645,0.691153161953081])",0.0
F167,"thank, special, attention, east, project, organization., analysis, chance, bar, line, woman., —, shocking, claims, celebrity, scandal, surface, internet.","(10000,[346,503,1055,1182,1278,1296,1687,2230,3144,3486,4921,5850,6576,7281,7332,7936,8270,8338],[4.270695952029551,0.691153161953081,3.7316994512968646,4.270695952029551,5.117993812416755,3.8187108282864943,4.830311739964974,4.270695952029551,3.8187108282864943,2.849310271098391,2.849310271098391,0.691153161953081,3.7316994512968646,0.6714286566053024,3.914021008090819,0.691153161953081,4.830311739964974,0.691153161953081])",0.0
R242,"feeling, administration, hundred, toward, become, difficult, involve., ball, name., energy, big, brother., experts, discuss, ongoing, developments, research.","(10000,[613,1712,3048,3194,3614,4506,4687,5098,5175,5185,7066,7090,7108,7492,8307,8919,9462],[3.914021008090819,4.019381523748645,4.137164559405029,3.577548771469606,0.691153161953081,0.691153161953081,0.691153161953081,5.523458920524919,4.830311739964974,3.8187108282864943,2.849310271098391,5.117993812416755,5.117993812416755,4.137164559405029,4.137164559405029,4.830311739964974,0.691153161953081])",1.0
F133,"notice, check, sign, night., nature, sea, week, music, source, image, build., six, shoulder, mrs, maybe., —, shocking, claims, immortal, jellyfish, surface, internet.","(10000,[503,1525,2066,2875,3222,3611,3901,5122,5303,5401,5598,5850,6370,6756,7281,7721,7936,8338,9617,9751,9876],[0.691153161953081,4.019381523748645,2.7508701982851385,5.523458920524919,5.523458920524919,4.137164559405029,4.137164559405029,3.6516567436233283,3.914021008090819,3.8187108282864943,4.830311739964974,0.691153161953081,4.019381523748645,6.6524686863774,0.6714286566053024,4.137164559405029,0.691153161953081,0.691153161953081,4.137164559405029,3.914021008090819,2.7508701982851385])",0.0
F025,"current, eye, team, democrat, whose., play, state, west, apply, member, feel., —, shocking, claims, flat, earth, surface, internet.","(10000,[468,503,1341,1808,2173,2918,5085,5234,5850,6383,6790,7281,7312,7936,8338,9189,9676,9682],[4.42484663185681,0.691153161953081,3.914021008090819,4.019381523748645,4.830311739964974,3.0385522707369192,3.914021008090819,4.42484663185681,0.691153161953081,5.117993812416755,4.607168188650764,0.6714286566053024,4.830311739964974,0.691153161953081,0.691153161953081,4.830311739964974,3.0385522707369192,5.117993812416755])",0.0
F093,"eye, true, bed, collection, ok, education., everyone, worry, past, score, spring, garden., —, shocking, claims, immortal, jellyfish, surface, internet.","(10000,[503,1341,1644,1927,2066,2645,5047,5850,7188,7281,7432,7936,8209,8338,8343,8893,9275,9497,9876],[0.691153161953081,3.914021008090819,3.7316994512968646,4.42484663185681,2.7508701982851385,4.137164559405029,2.661258039595451,0.691153161953081,4.019381523748645,0.6714286566053024,5.117993812416755,0.691153161953081,3.914021008090819,0.691153161953081,4.607168188650764,4.019381523748645,4.137164559405029,4.42484663185681,2.7508701982851385])",0.0
F236,"finally, long, keep, high, manager, require., arm, determine, crime, week, for., —, shocking, claims, government, cover-up, surface, internet.","(10000,[503,731,1652,1817,2116,2259,3984,4241,5122,5716,5850,7281,7734,7936,8338,8904,9594,9813],[0.691153161953081,4.830311739964974,4.019381523748645,3.8187108282864943,4.42484663185681,2.849310271098391,4.019381523748645,5.523458920524919,3.6516567436233283,5.523458920524919,0.691153161953081,0.6714286566053024,4.42484663185681,0.691153161953081,0.691153161953081,4.830311739964974,3.7316994512968646,2.997730276216664])",0.0
F069,"final, environment, bring, candidate, week, production, executive., serious, quality, low, father, theory, really., —, shocking, claims, flat, earth, surface, internet.","(10000,[503,751,1117,1468,1653,1800,2407,2918,3057,3506,4358,5122,5850,6959,7281,7936,8338,8353,8411,9676],[0.691153161953081,4.830311739964974,4.42484663185681,4.019381523748645,4.42484663185681,3.8187108282864943,4.270695952029551,3.0385522707369192,4.270695952029551,5.523458920524919,3.8187108282864943,3.6516567436233283,0.691153161953081,5.523458920524919,0.6714286566053024,0.691153161953081,0.691153161953081,4.42484663185681,3.7316994512968646,3.0385522707369192])",0.0
F219,"college, manager, value, knowledge, bill, reflect, fear., thousand, simply, end, amount, course, together, determine, public., think, development, special, report, majority, among., —, shocking, claims, flat, earth, surface, internet.","(10000,[453,503,1055,1642,1652,2071,2335,2871,2918,3652,5321,5850,6505,6798,7222,7281,7403,7615,7734,7864,7936,8057,8135,8312,8338,8366,9244,9676],[3.914021008090819,0.691153161953081,3.7316994512968646,4.607168188650764,4.019381523748645,4.830311739964974,3.6516567436233283,4.137164559405029,3.0385522707369192,4.019381523748645,4.019381523748645,0.691153161953081,4.607168188650764,4.270695952029551,4.607168188650764,0.6714286566053024,4.42484663185681,5.523458920524919,4.42484663185681,4.019381523748645,0.691153161953081,3.8187108282864943,3.914021008090819,4.607168188650764,0.691153161953081,5.117993812416755,4.270695952029551,3.0385522707369192])",0.0
R079,"start, cold, per, cost, young., per, question, small, law, policy, list., experts, discuss, ongoing, developments, election.","(10000,[222,298,2947,2996,3556,3614,3920,3979,4142,4490,4506,4687,5252,8961,9462],[4.137164559405029,8.03876304749729,4.830311739964974,3.5085558999826545,2.7826188965997183,0.691153161953081,4.019381523748645,4.019381523748645,4.42484663185681,4.019381523748645,0.691153161953081,0.691153161953081,4.830311739964974,4.830311739964974,0.691153161953081])",1.0
F042,"mission, suggest, amount, history, us, week, election., deep, others, firm, answer, contain., per, approach, choice, garden, hard., —, shocking, claims, hoax, surface, internet.","(10000,[298,503,1762,2117,3095,3292,3556,3619,4377,5122,5850,5936,6053,6069,6543,6660,6940,7222,7281,7816,7936,8338,8894],[4.019381523748645,0.691153161953081,4.019381523748645,5.523458920524919,4.607168188650764,5.117993812416755,2.7826188965997183,4.42484663185681,2.60568818844064,3.6516567436233283,0.691153161953081,4.019381523748645,4.019381523748645,4.019381523748645,4.019381523748645,4.42484663185681,4.019381523748645,4.607168188650764,0.6714286566053024,4.270695952029551,0.691153161953081,0.691153161953081,4.019381523748645])",0.0
R154,"question, challenge, voice, million, star., eight, type, concern, need., less, available, analysis, operation., experts, discuss, ongoing, developments, budget, report.","(10000,[1195,1296,1968,2475,2947,3526,3530,3614,4506,4687,4991,5432,5887,5935,6097,6544,8482,8651,9462],[4.137164559405029,3.8187108282864943,3.914021008090819,4.270695952029551,4.830311739964974,4.019381523748645,4.607168188650764,0.691153161953081,0.691153161953081,0.691153161953081,2.6330871626287546,2.6902455764687034,4.137164559405029,3.914021008090819,5.117993812416755,4.830311739964974,3.577548771469606,3.914021008090819,0.691153161953081])",1.0
R089,"risk, though, live, her., large, score, time, product, dark., experts, discuss, ongoing, developments, public, health.","(10000,[447,493,1770,1927,3385,3614,4506,4687,6219,6717,7022,7748,8157,8794,9462],[4.270695952029551,4.137164559405029,2.920769235080536,4.42484663185681,4.42484663185681,0.691153161953081,0.691153161953081,0.691153161953081,3.125563647726549,5.523458920524919,4.137164559405029,4.607168188650764,4.019381523748645,4.42484663185681,0.691153161953081])",1.0
R038,"thousand, force, issue, painting, politics, need, medical., toward, international, administration, listen, thought, across., drug, eat, full, third, anyone., experts, discuss, ongoing, developments, public, health.","(10000,[55,188,391,429,1034,1770,3194,3614,4506,4687,5185,5627,5887,5931,6219,6537,6616,6798,7276,7860,8771,8897,9210,9462],[3.8187108282864943,4.42484663185681,3.4440173788450834,4.42484663185681,4.270695952029551,2.920769235080536,3.577548771469606,0.691153161953081,0.691153161953081,0.691153161953081,3.8187108282864943,5.523458920524919,4.137164559405029,5.523458920524919,3.125563647726549,4.607168188650764,4.019381523748645,4.270695952029551,4.42484663185681,2.997730276216664,4.270695952029551,4.270695952029551,5.117993812416755,0.691153161953081])",1.0
R053,"recently, building, piece., brother, statement, administration, black, doctor, ahead., experts, discuss, ongoing, developments, economic, growth.","(10000,[291,777,1948,2034,3614,4506,4687,5185,5852,9034,9144,9462,9663,9784,9817],[4.42484663185681,4.42484663185681,3.8187108282864943,4.42484663185681,0.691153161953081,0.691153161953081,0.691153161953081,3.8187108282864943,4.830311739964974,2.8154087194227095,2.7826188965997183,0.691153161953081,5.523458920524919,4.830311739964974,4.42484663185681])",1.0
F201,"space, tree, bar, front, national, simply, join., stage, see, leave, ask., view, car, strong, customer, win, late., high, couple, teacher, decade, yard., —, shocking, claims, hoax, surface, internet.","(10000,[30,503,504,1059,1413,1642,2116,2398,2609,2913,3674,4377,5354,5850,5871,6030,6151,6355,7281,7293,7332,7702,7910,7936,8338,8708,9188,9994],[4.019381523748645,0.691153161953081,4.607168188650764,4.830311739964974,3.7316994512968646,4.607168188650764,4.42484663185681,4.137164559405029,4.830311739964974,3.383392757028649,4.019381523748645,2.60568818844064,4.137164559405029,0.691153161953081,4.270695952029551,4.42484663185681,5.117993812416755,4.137164559405029,0.6714286566053024,4.270695952029551,3.914021008090819,4.019381523748645,4.137164559405029,0.691153161953081,0.691153161953081,4.270695952029551,4.830311739964974,5.117993812416755])",0.0
F013,"somebody, reason, role, animal, you., thank, challenge, body., —, shocking, claims, secret, cure, surface, internet.","(10000,[4,503,1687,2944,3089,3350,3892,5726,5850,5935,6747,7281,7360,7936,8338],[4.607168188650764,0.691153161953081,4.830311739964974,4.137164559405029,4.830311739964974,4.019381523748645,2.5530444549552183,3.7316994512968646,0.691153161953081,3.914021008090819,2.5530444549552183,0.6714286566053024,4.019381523748645,0.691153161953081,0.691153161953081])",0.0
R023,"citizen, kid, cold, event, though, chair., study, economy, computer, black, individual., force, less, fall, very., experts, discuss, ongoing, developments, policy.","(10000,[8,217,391,1195,1584,1948,3188,3385,3614,3723,3729,3920,4224,4506,4687,6466,6944,7728,8151,9462],[4.830311739964974,3.7316994512968646,3.4440173788450834,4.137164559405029,5.117993812416755,3.8187108282864943,5.523458920524919,4.42484663185681,0.691153161953081,3.7316994512968646,4.270695952029551,4.019381523748645,4.137164559405029,0.691153161953081,0.691153161953081,4.830311739964974,2.849310271098391,4.137164559405029,4.270695952029551,0.691153161953081])",1.0
R068,"ago, true, front, service, quickly, wrong., bill, market, moment, city, rate., marriage, indicate, available, work, goal, anything., experts, discuss, ongoing, developments, technology, breakthrough.","(10000,[504,1020,1637,1896,2227,2252,2475,2657,3391,3401,3614,4506,4687,4905,5089,5495,6229,6485,7188,7751,8135,9462,9527],[4.607168188650764,2.6330871626287546,4.607168188650764,4.019381523748645,2.7200985396183848,4.830311739964974,4.270695952029551,3.8187108282864943,4.830311739964974,4.270695952029551,0.691153161953081,0.691153161953081,0.691153161953081,5.117993812416755,3.914021008090819,4.607168188650764,4.137164559405029,4.019381523748645,4.019381523748645,5.523458920524919,3.914021008090819,0.691153161953081,4.607168188650764])",1.0
F065,"want, capital, push, travel, oil., decision, task, everything, ball, budget., —, shocking, claims, hoax, surface, internet.","(10000,[503,1222,1990,2193,4377,5850,5978,6541,7281,7492,7712,7936,8338,8451,8681,9156],[0.691153161953081,4.607168188650764,5.523458920524919,3.6516567436233283,2.60568818844064,0.691153161953081,4.830311739964974,3.8187108282864943,0.6714286566053024,4.137164559405029,4.42484663185681,0.691153161953081,0.691153161953081,4.607168188650764,4.137164559405029,3.914021008090819])",0.0
F239,"pretty, discover, enjoy, like., fight, true, strategy, moment, hold., —, shocking, claims, celebrity, scandal, surface, internet.","(10000,[23,503,1805,2291,2526,3401,3486,3919,4170,4921,5850,7188,7281,7936,8338,9190],[4.607168188650764,0.691153161953081,4.270695952029551,4.019381523748645,4.607168188650764,4.270695952029551,2.849310271098391,4.830311739964974,4.019381523748645,2.849310271098391,0.691153161953081,4.019381523748645,0.6714286566053024,0.691153161953081,0.691153161953081,5.117993812416755])",0.0
F084,"school, painting, body., —, shocking, claims, miracle, drug, surface, internet.","(10000,[503,1034,1256,2679,5726,5850,7281,7860,7936,8338],[0.691153161953081,4.270695952029551,3.125563647726549,4.607168188650764,3.7316994512968646,0.691153161953081,0.6714286566053024,2.997730276216664,0.691153161953081,0.691153161953081])",0.0
R120,"also, upon, must, provide, force, stuff., experts, discuss, ongoing, developments, election.","(10000,[391,1023,2825,3556,3614,3792,4506,4687,5946,6735,9462],[3.4440173788450834,4.270695952029551,5.117993812416755,2.7826188965997183,0.691153161953081,3.577548771469606,0.691153161953081,0.691153161953081,4.607168188650764,4.270695952029551,0.691153161953081])",1.0
F207,"perhaps, large, woman, still., effort, show, tree., network, place, information, food, mother., —, shocking, claims, government, cover-up, surface, internet.","(10000,[503,1259,1649,2259,4019,4563,5726,5850,6390,7022,7177,7281,7936,8190,8338,8653,9152,9357,9813],[0.691153161953081,3.6516567436233283,5.523458920524919,2.849310271098391,3.914021008090819,4.42484663185681,3.7316994512968646,0.691153161953081,4.270695952029551,4.137164559405029,4.607168188650764,0.6714286566053024,0.691153161953081,3.914021008090819,0.691153161953081,4.019381523748645,4.607168188650764,4.830311739964974,2.997730276216664])",0.0
R158,"sign, wish, finish, difficult, talk., either, successful, tend, happen, agree, cover, never, maintain., sound, fill, opportunity, develop., experts, discuss, ongoing, developments, economic, growth.","(10000,[281,495,1712,1810,3614,3809,4506,4687,4704,5063,5659,6104,6166,6475,6578,6756,6925,6976,9034,9126,9144,9462,9727],[4.019381523748645,5.523458920524919,4.019381523748645,3.8187108282864943,0.691153161953081,5.523458920524919,0.691153161953081,0.691153161953081,4.019381523748645,4.830311739964974,4.270695952029551,4.830311739964974,4.607168188650764,4.830311739964974,3.8187108282864943,3.3262343431887,4.42484663185681,4.270695952029551,2.8154087194227095,4.019381523748645,2.7826188965997183,0.691153161953081,3.8187108282864943])",1.0
R097,"without, place, better, record., race, example, assume, spring, answer., experts, discuss, ongoing, developments, technology, breakthrough.","(10000,[454,924,1020,1644,2086,2227,2543,2664,3614,4043,4506,4687,6390,9462,9606],[3.7316994512968646,4.42484663185681,2.6330871626287546,3.7316994512968646,4.137164559405029,2.7200985396183848,3.8187108282864943,4.607168188650764,0.691153161953081,4.42484663185681,0.691153161953081,0.691153161953081,4.270695952029551,0.691153161953081,4.270695952029551])",1.0
R092,"describe, population, use., decide, catch, modern, reason., receive, customer, fact, report, establish., experts, discuss, ongoing, developments, technology, breakthrough.","(10000,[1020,1413,2227,2336,3614,4506,4617,4687,5375,5739,6505,7085,7215,7949,8293,9021,9258,9462],[2.6330871626287546,3.7316994512968646,2.7200985396183848,4.42484663185681,0.691153161953081,0.691153161953081,4.019381523748645,0.691153161953081,5.523458920524919,5.117993812416755,4.607168188650764,4.270695952029551,3.914021008090819,3.8187108282864943,4.42484663185681,4.019381523748645,3.7316994512968646,0.691153161953081])",1.0
F172,"affect, population, provide, walk, majority, easy, people., future, money, change, happen, success, purpose, bill., traditional, church, line, student., —, shocking, claims, hoax, surface, internet.","(10000,[387,503,760,1099,1182,1273,3166,3204,4377,4486,4704,5850,5946,6055,6103,6142,6488,7281,7936,8089,8338,9244,9258,9828],[3.914021008090819,0.691153161953081,4.42484663185681,5.117993812416755,4.270695952029551,3.914021008090819,5.117993812416755,5.117993812416755,2.60568818844064,3.914021008090819,4.019381523748645,0.691153161953081,4.607168188650764,4.270695952029551,4.830311739964974,4.137164559405029,4.42484663185681,0.6714286566053024,0.691153161953081,4.42484663185681,0.691153161953081,4.270695952029551,3.7316994512968646,3.8187108282864943])",0.0
R182,"talk, decision, owner, model, gas., interest, social, whatever, college, bit., experts, discuss, ongoing, developments, economic, growth.","(10000,[70,823,1595,2193,3614,4506,4687,6053,7102,7695,8057,8925,9034,9144,9462,9544],[3.8187108282864943,4.137164559405029,4.830311739964974,3.6516567436233283,0.691153161953081,0.691153161953081,0.691153161953081,4.019381523748645,4.42484663185681,4.019381523748645,3.8187108282864943,4.270695952029551,2.8154087194227095,2.7826188965997183,0.691153161953081,5.523458920524919])",1.0
F014,"door, risk, put, three., political, accept, goal, gas, film., charge, final., —, shocking, claims, secret, cure, surface, internet.","(10000,[503,2101,2657,3892,3935,4847,5089,5183,5607,5850,6710,6747,6812,7281,7936,8338,8794,8871],[0.691153161953081,5.117993812416755,3.8187108282864943,2.5530444549552183,3.6516567436233283,4.137164559405029,3.914021008090819,5.523458920524919,4.607168188650764,0.691153161953081,5.523458920524919,2.5530444549552183,4.270695952029551,0.6714286566053024,0.691153161953081,0.691153161953081,4.42484663185681,4.42484663185681])",0.0
R230,"quickly, adult, subject, sort., relationship, field, decision, main, think, tax, someone., experts, discuss, ongoing, developments, election.","(10000,[72,1637,2193,2335,3391,3409,3556,3614,4260,4506,4687,6587,7074,8655,9311,9462],[3.914021008090819,4.607168188650764,3.6516567436233283,3.6516567436233283,4.830311739964974,4.607168188650764,2.7826188965997183,0.691153161953081,4.42484663185681,0.691153161953081,0.691153161953081,5.117993812416755,3.914021008090819,4.42484663185681,4.830311739964974,0.691153161953081])",1.0
F223,"light, report, sister, add, yet., think, american, fund, light, keep., purpose, personal, blood, time, bar., —, shocking, claims, government, cover-up, surface, internet.","(10000,[503,1720,1811,2259,2335,2359,3521,3882,4638,5850,6505,7281,7652,7936,7939,8089,8157,8338,9767,9813,9887],[0.691153161953081,8.274329118810059,5.523458920524919,2.849310271098391,3.6516567436233283,4.270695952029551,4.607168188650764,4.830311739964974,3.5085558999826545,0.691153161953081,4.607168188650764,0.6714286566053024,4.607168188650764,0.691153161953081,4.270695952029551,4.42484663185681,4.019381523748645,0.691153161953081,5.117993812416755,2.997730276216664,3.914021008090819])",0.0
R221,"employee, partner, quite, rest., collection, item, evening, trouble, matter, throughout., experts, discuss, ongoing, developments, policy.","(10000,[116,1916,2402,2622,2909,2989,3614,4506,4687,5286,6056,6548,6944,8209,9462],[4.270695952029551,4.270695952029551,3.8187108282864943,5.523458920524919,4.607168188650764,5.117993812416755,0.691153161953081,0.691153161953081,0.691153161953081,4.42484663185681,4.42484663185681,4.137164559405029,2.849310271098391,3.914021008090819,0.691153161953081])",1.0
R173,"direction, official, democrat, end, nearly, discussion, rise., give, expect, happy., experts, discuss, ongoing, developments, climate, change.","(10000,[453,821,2059,2866,2956,3614,3691,3783,4506,4554,4687,5234,5315,8485,8554,9462],[3.914021008090819,2.849310271098391,2.661258039595451,3.914021008090819,5.523458920524919,0.691153161953081,4.137164559405029,3.6516567436233283,0.691153161953081,4.830311739964974,0.691153161953081,4.42484663185681,4.42484663185681,4.270695952029551,4.270695952029551,0.691153161953081])",1.0
F249,"mr, drop, base, spring, word, total, tonight., decision, draw, fast, soldier., —, shocking, claims, immortal, jellyfish, surface, internet.","(10000,[503,939,1644,2066,2193,2647,3519,5850,6279,7281,7936,8167,8173,8338,8577,9184,9263,9876],[0.691153161953081,5.523458920524919,3.7316994512968646,2.7508701982851385,3.6516567436233283,4.607168188650764,4.607168188650764,0.691153161953081,4.137164559405029,0.6714286566053024,0.691153161953081,4.137164559405029,3.6516567436233283,0.691153161953081,4.270695952029551,5.117993812416755,4.42484663185681,2.7508701982851385])",0.0
F112,"however, available, growth, father, popular, window., movement, group, ready, financial, operation, forward., test, edge, present, outside, father., —, shocking, claims, government, cover-up, surface, internet.","(10000,[320,503,619,911,1800,1886,2259,2475,3921,5294,5850,5922,6148,6557,6586,7281,7407,7766,7936,8130,8338,8568,9132,9813],[4.019381523748645,0.691153161953081,5.523458920524919,4.42484663185681,3.8187108282864943,5.523458920524919,2.849310271098391,4.270695952029551,4.830311739964974,4.137164559405029,0.691153161953081,4.270695952029551,4.270695952029551,4.607168188650764,4.42484663185681,0.6714286566053024,3.7316994512968646,3.914021008090819,0.691153161953081,4.270695952029551,0.691153161953081,4.830311739964974,5.117993812416755,2.997730276216664])",0.0
R058,"fine, agent, remain, wait, among, red, million., lawyer, test, movie, use, foreign, much., experts, discuss, ongoing, developments, budget, report.","(10000,[52,1439,3614,4506,4687,4991,5016,5133,5205,5432,5477,6206,6431,6586,7362,7634,7724,9021,9462],[4.270695952029551,3.5085558999826545,0.691153161953081,0.691153161953081,0.691153161953081,2.6330871626287546,4.137164559405029,3.8187108282864943,4.137164559405029,2.6902455764687034,4.270695952029551,4.019381523748645,4.270695952029551,4.42484663185681,4.019381523748645,5.523458920524919,5.117993812416755,4.019381523748645,0.691153161953081])",1.0
R159,"remain, trip, protect, far, single, cover., environmental, couple, issue, yeah, beat., experts, discuss, ongoing, developments, economic, growth.","(10000,[3249,3614,4158,4506,4687,5205,5782,6027,6616,7235,7702,7889,8867,9034,9144,9462,9612],[3.5085558999826545,0.691153161953081,4.137164559405029,0.691153161953081,0.691153161953081,4.137164559405029,4.42484663185681,4.830311739964974,4.019381523748645,3.914021008090819,4.019381523748645,4.607168188650764,5.117993812416755,2.8154087194227095,2.7826188965997183,0.691153161953081,5.117993812416755])",1.0
R029,"kid, beat, republican, language., manage, nearly, year, resource, learn, yes., experts, discuss, ongoing, developments, economic, growth.","(10000,[1670,2569,2601,2866,3614,3723,4506,4616,4687,5967,7883,8899,9034,9144,9462,9998],[4.270695952029551,3.5085558999826545,4.607168188650764,3.914021008090819,0.691153161953081,3.7316994512968646,0.691153161953081,4.137164559405029,0.691153161953081,4.019381523748645,5.117993812416755,4.830311739964974,2.8154087194227095,2.7826188965997183,0.691153161953081,5.523458920524919])",1.0
R126,"understand, treat, time, probably, vote, whole., system, finally, true, like, actually., song, teach, ready, life., experts, discuss, ongoing, developments, research.","(10000,[1817,2297,3073,3330,3614,3888,3996,4506,4687,5535,6487,6557,7066,7188,7350,8157,8522,8750,9214,9462],[3.8187108282864943,4.607168188650764,5.117993812416755,4.019381523748645,0.691153161953081,4.607168188650764,4.137164559405029,0.691153161953081,0.691153161953081,5.523458920524919,3.5085558999826545,4.607168188650764,2.849310271098391,4.019381523748645,4.019381523748645,4.019381523748645,4.019381523748645,4.42484663185681,4.270695952029551,0.691153161953081])",1.0
R132,"whether, oil, nice., tend, lead, west, cup, specific, allow, democrat., democratic, stand, miss, which., experts, discuss, ongoing, developments, education.","(10000,[1071,1810,2059,3059,3406,3614,4506,4687,4835,5047,5085,5356,5606,6035,6315,6886,8780,9462,9924],[4.830311739964974,3.8187108282864943,2.661258039595451,4.270695952029551,4.137164559405029,0.691153161953081,0.691153161953081,0.691153161953081,4.607168188650764,2.661258039595451,3.914021008090819,4.607168188650764,3.6516567436233283,3.577548771469606,5.117993812416755,4.137164559405029,5.117993812416755,0.691153161953081,5.117993812416755])",1.0
R025,"arrive, reduce, impact., paper, bring, develop, human, theory., experts, discuss, ongoing, developments, election.","(10000,[1241,3057,3556,3614,4506,4687,5324,6477,7391,8159,8303,8690,9462],[3.577548771469606,4.270695952029551,2.7826188965997183,0.691153161953081,0.691153161953081,0.691153161953081,5.117993812416755,4.830311739964974,4.137164559405029,4.019381523748645,4.607168188650764,3.8187108282864943,0.691153161953081])",1.0
F214,"seek, site., care, none, respond, people, american., —, shocking, claims, secret, cure, surface, internet.","(10000,[171,503,2500,3892,4263,4648,5310,5511,5850,6747,7281,7936,8338,9831],[4.270695952029551,0.691153161953081,4.019381523748645,2.5530444549552183,4.42484663185681,5.523458920524919,4.137164559405029,5.523458920524919,0.691153161953081,2.5530444549552183,0.6714286566053024,0.691153161953081,0.691153161953081,4.607168188650764])",0.0
R177,"wide, late, risk, rock., keep, green, also, give, article, gun, certain, see., contain, effort, carry, candidate., prepare, necessary, pay, prevent., experts, discuss, ongoing, developments, policy.","(10000,[454,547,551,1702,2286,2338,2836,3079,3614,3783,3792,4506,4687,4897,5726,6944,6975,7493,7979,8313,8794,9288,9296,9462,9594],[3.7316994512968646,5.523458920524919,4.270695952029551,3.7316994512968646,4.137164559405029,4.607168188650764,4.270695952029551,3.5085558999826545,0.691153161953081,3.6516567436233283,3.577548771469606,0.691153161953081,0.691153161953081,4.830311739964974,3.7316994512968646,2.849310271098391,5.523458920524919,4.270695952029551,4.42484663185681,4.830311739964974,4.42484663185681,4.137164559405029,4.830311739964974,0.691153161953081,3.7316994512968646])",1.0
R196,"general, measure, reason, notice., music, professional, occur, quite, sign, recent., tree, hour, candidate, community, need., experts, discuss, ongoing, developments, budget, report.","(10000,[527,528,1921,2155,2944,3614,4358,4506,4687,4991,5432,5465,5871,6056,6370,6544,6756,7117,7366,8174,9462],[4.137164559405029,3.8187108282864943,4.607168188650764,4.607168188650764,4.137164559405029,0.691153161953081,3.8187108282864943,0.691153161953081,0.691153161953081,2.6330871626287546,2.6902455764687034,3.8187108282864943,4.270695952029551,4.42484663185681,4.019381523748645,4.830311739964974,3.3262343431887,4.830311739964974,5.117993812416755,4.270695952029551,0.691153161953081])",1.0
R135,"culture, plant, dinner, nor., discuss, still, student, three, red., look, family, light, bank, onto, toward, activity., significant, pick, necessary, suffer, wear., experts, discuss, ongoing, developments, budget, report.","(10000,[1720,2240,3194,3529,3536,3614,3712,4319,4506,4687,4991,5432,5925,6135,7244,7372,7417,7979,8297,8439,8552,8645,8982,9462,9939,9948],[4.137164559405029,4.607168188650764,3.577548771469606,5.117993812416755,4.137164559405029,1.382306323906162,4.42484663185681,3.5085558999826545,0.691153161953081,0.691153161953081,2.6330871626287546,2.6902455764687034,3.7316994512968646,4.019381523748645,3.6516567436233283,4.137164559405029,4.830311739964974,4.42484663185681,5.117993812416755,4.830311739964974,5.523458920524919,3.8187108282864943,4.137164559405029,0.691153161953081,4.019381523748645,5.523458920524919])",1.0
F152,"among, west, wonder, exist, not., office, sure, mother, finish, spend, type, the., individual, job, spend, resource., —, shocking, claims, government, cover-up, surface, internet.","(10000,[353,354,503,557,1821,2259,2260,3526,4723,5085,5850,6484,6578,6602,7281,7362,7936,8338,8344,8614,9121,9813],[8.274329118810059,4.607168188650764,0.691153161953081,4.607168188650764,4.137164559405029,2.849310271098391,4.607168188650764,4.019381523748645,4.137164559405029,3.914021008090819,0.691153161953081,5.523458920524919,3.8187108282864943,4.270695952029551,0.6714286566053024,4.019381523748645,0.691153161953081,0.691153161953081,3.914021008090819,4.019381523748645,5.117993812416755,2.997730276216664])",0.0
F180,"bar, article, wonder., show, box, concern, find, order, father, affect., process, hear, character, major, decision, machine., —, shocking, claims, secret, cure, surface, internet.","(10000,[503,1058,1226,1702,1800,1902,1968,2193,3892,4019,4842,4867,5692,5850,6747,7281,7332,7510,7922,7936,8040,8338,8509],[0.691153161953081,4.42484663185681,3.914021008090819,3.7316994512968646,3.8187108282864943,5.117993812416755,3.914021008090819,3.6516567436233283,2.5530444549552183,3.914021008090819,4.42484663185681,4.42484663185681,5.523458920524919,0.691153161953081,2.5530444549552183,0.6714286566053024,3.914021008090819,4.607168188650764,4.270695952029551,0.691153161953081,3.577548771469606,0.691153161953081,5.117993812416755])",0.0
F003,"open, us, book, show., beyond, always, performance., —, shocking, claims, secret, cure, surface, internet.","(10000,[393,503,1596,3205,3892,5783,5850,6660,6747,7281,7936,8338,8900,9011],[4.137164559405029,0.691153161953081,5.523458920524919,5.117993812416755,2.5530444549552183,4.137164559405029,0.691153161953081,4.42484663185681,2.5530444549552183,0.6714286566053024,0.691153161953081,0.691153161953081,4.270695952029551,4.607168188650764])",0.0
F244,"detail, actually, late, allow, development, want, food., size, happen, red, create, expect, next, rest., —, shocking, claims, celebrity, scandal, surface, internet.","(10000,[52,503,1143,1404,2871,2989,3079,3192,3486,3691,4085,4704,4835,4921,5850,6447,7281,7712,7936,8273,8338],[4.270695952029551,0.691153161953081,3.914021008090819,4.019381523748645,4.137164559405029,5.117993812416755,3.5085558999826545,4.137164559405029,2.849310271098391,4.137164559405029,5.117993812416755,4.019381523748645,4.607168188650764,2.849310271098391,0.691153161953081,4.137164559405029,0.6714286566053024,4.42484663185681,0.691153161953081,4.42484663185681,0.691153161953081])",0.0
F194,"get, strong, director, without, nearly, article., feeling, business, cause, career, air., trouble, mouth, exactly, culture, instead, admit., —, shocking, claims, immortal, jellyfish, surface, internet.","(10000,[316,503,613,1853,1918,2066,2096,2866,2909,3761,4043,4527,4930,5374,5850,6340,6355,7281,7497,7936,8338,8645,9426,9876],[4.42484663185681,0.691153161953081,3.914021008090819,4.42484663185681,4.830311739964974,2.7508701982851385,4.830311739964974,3.914021008090819,4.607168188650764,4.607168188650764,4.42484663185681,4.270695952029551,3.914021008090819,4.830311739964974,0.691153161953081,5.117993812416755,4.137164559405029,0.6714286566053024,3.8187108282864943,0.691153161953081,0.691153161953081,3.8187108282864943,4.270695952029551,2.7508701982851385])",0.0
R044,"soldier, everyone, contain, ability, answer, economy, training., word, thus, stand, board., increase, must, central, high, like, behavior., experts, discuss, ongoing, developments, policy.","(10000,[217,1023,2116,2764,3330,3519,3614,3619,3681,4141,4506,4687,5305,5684,6886,6944,6988,7493,7963,8893,8928,9462],[3.7316994512968646,4.270695952029551,4.42484663185681,5.117993812416755,4.019381523748645,4.607168188650764,0.691153161953081,4.42484663185681,3.914021008090819,4.607168188650764,0.691153161953081,0.691153161953081,4.830311739964974,4.607168188650764,4.137164559405029,2.849310271098391,5.523458920524919,4.270695952029551,3.8187108282864943,4.019381523748645,4.270695952029551,0.691153161953081])",1.0
R141,"shake, teacher, computer, opportunity., something, movement, situation, community., experts, discuss, ongoing, developments, economic, growth.","(10000,[2180,3136,3614,4506,4533,4687,4959,5294,8151,8708,9034,9144,9462,9826],[4.42484663185681,4.607168188650764,0.691153161953081,0.691153161953081,5.117993812416755,0.691153161953081,4.019381523748645,4.137164559405029,4.270695952029551,4.270695952029551,2.8154087194227095,2.7826188965997183,0.691153161953081,4.019381523748645])",1.0
R188,"kid, interview, street, letter, put, message., real, especially, material, knowledge, clear, first, line., move, ability, perhaps, attention., medical, candidate, result, outside, down., experts, discuss, ongoing, developments, climate, change.","(10000,[399,564,821,1259,1611,2059,2115,3231,3614,3681,3684,3723,4358,4506,4687,6035,6282,6403,7055,7864,8173,8203,8268,8568,8871,9025,9462,9691],[3.4440173788450834,4.270695952029551,2.849310271098391,3.6516567436233283,4.607168188650764,2.661258039595451,5.117993812416755,5.117993812416755,0.691153161953081,3.914021008090819,3.914021008090819,3.7316994512968646,3.8187108282864943,0.691153161953081,0.691153161953081,3.577548771469606,4.019381523748645,4.137164559405029,5.523458920524919,4.019381523748645,3.6516567436233283,5.117993812416755,3.7316994512968646,4.830311739964974,4.42484663185681,5.117993812416755,0.691153161953081,3.914021008090819])",1.0
F010,"religious, trial, catch, rock, center., moment, ago, yes., may, sit, military, develop, fund, method, make, community., —, shocking, claims, aliens, surface, internet.","(10000,[503,574,650,1241,1896,2601,3401,3410,3525,4293,4638,4959,5850,5877,6015,6575,6946,7281,7936,7949,8338,9160],[0.691153161953081,4.42484663185681,2.958509563063383,3.577548771469606,4.019381523748645,4.607168188650764,4.270695952029551,4.607168188650764,4.270695952029551,4.270695952029551,3.5085558999826545,4.019381523748645,0.691153161953081,4.607168188650764,4.607168188650764,5.523458920524919,3.6516567436233283,0.6714286566053024,0.691153161953081,3.8187108282864943,0.691153161953081,4.607168188650764])",0.0
R106,"onto, offer, individual, both., seven, two, fear, parent, night, concern, here., idea, hot, education, much, poor., experts, discuss, ongoing, developments, economic, growth.","(10000,[524,1968,2613,2958,3614,4319,4506,4687,4728,5530,5958,6869,7008,7850,8506,8614,9034,9144,9462,9513,9693,9932],[3.577548771469606,3.914021008090819,4.830311739964974,4.270695952029551,0.691153161953081,3.5085558999826545,0.691153161953081,0.691153161953081,3.7316994512968646,4.830311739964974,3.8187108282864943,4.270695952029551,5.523458920524919,4.42484663185681,4.830311739964974,4.019381523748645,2.8154087194227095,2.7826188965997183,0.691153161953081,3.914021008090819,4.270695952029551,4.137164559405029])",1.0
R049,"night, suggest, big, party, plant, response, and., free, blue, wide, arrive, little., experts, discuss, ongoing, developments, research.","(10000,[1073,1379,2086,2445,2836,3048,3614,4506,4687,5768,6869,7066,7244,7391,7709,7816,9462],[3.914021008090819,3.914021008090819,4.137164559405029,4.137164559405029,4.270695952029551,4.137164559405029,0.691153161953081,0.691153161953081,0.691153161953081,3.914021008090819,4.270695952029551,2.849310271098391,3.6516567436233283,4.137164559405029,5.523458920524919,4.270695952029551,0.691153161953081])",1.0
R144,"book, state, knowledge, business, our., type, two, one, catch, perhaps, sing, right., hospital, meet, heavy, chance, economy, hear., experts, discuss, ongoing, developments, budget, report.","(10000,[217,286,346,393,815,1259,1808,2660,3526,3614,4506,4687,4728,4930,4991,5374,5432,6451,7864,7949,8949,9462,9621,9940],[3.7316994512968646,5.117993812416755,4.270695952029551,4.137164559405029,4.42484663185681,3.6516567436233283,4.019381523748645,5.523458920524919,4.019381523748645,0.691153161953081,0.691153161953081,0.691153161953081,3.7316994512968646,3.914021008090819,2.6330871626287546,4.830311739964974,2.6902455764687034,3.383392757028649,4.019381523748645,3.8187108282864943,4.42484663185681,0.691153161953081,5.523458920524919,4.137164559405029])",1.0
F199,"move, brother, start, show., sense, mission, present, day, growth, dark, color, ground., news, audience, step, two, present, inside, police, successful., —, shocking, claims, celebrity, scandal, surface, internet.","(10000,[291,320,503,697,1312,1558,2433,2996,3205,3486,3876,3984,4728,4921,5447,5850,6069,6282,7281,7936,8130,8338,8678,9066,9133,9832],[4.42484663185681,4.019381523748645,0.691153161953081,4.270695952029551,4.270695952029551,4.137164559405029,4.607168188650764,3.5085558999826545,5.117993812416755,2.849310271098391,4.270695952029551,4.019381523748645,3.7316994512968646,2.849310271098391,3.6516567436233283,0.691153161953081,4.019381523748645,4.019381523748645,0.6714286566053024,0.691153161953081,8.541391904059102,0.691153161953081,4.830311739964974,3.914021008090819,5.117993812416755,3.914021008090819])",0.0
F215,"hold, son, make, well, whose, suggest., also, education, learn, finish, wrong, vote., race, nearly, young, sing, property, color, its., —, shocking, claims, secret, cure, surface, internet.","(10000,[157,209,454,503,2389,2733,2866,3478,3525,3792,3892,5530,5850,5967,6451,6512,6578,6747,6878,7015,7281,7809,7936,8338,9539,9832],[3.6516567436233283,4.42484663185681,3.7316994512968646,0.691153161953081,4.42484663185681,4.42484663185681,3.914021008090819,5.523458920524919,4.270695952029551,3.577548771469606,2.5530444549552183,4.830311739964974,0.691153161953081,4.019381523748645,3.383392757028649,4.42484663185681,3.8187108282864943,2.5530444549552183,5.117993812416755,5.523458920524919,0.6714286566053024,4.830311739964974,0.691153161953081,0.691153161953081,4.137164559405029,3.914021008090819])",0.0
R176,"century, office, tell, head, yard, suggest, audience., experts, discuss, ongoing, developments, economic, growth.","(10000,[424,1064,1850,3177,3614,4506,4687,7816,7841,8344,9034,9144,9462],[4.137164559405029,4.42484663185681,4.270695952029551,5.117993812416755,0.691153161953081,0.691153161953081,0.691153161953081,4.270695952029551,3.7316994512968646,3.914021008090819,2.8154087194227095,2.7826188965997183,0.691153161953081])",1.0
F105,"dark, science, two, you., onto, tend, season, week, respond, lot, hold., —, shocking, claims, hoax, surface, internet.","(10000,[4,23,503,697,1810,2358,2500,3363,4319,4377,4728,4943,5122,5850,7281,7936,8338],[4.607168188650764,4.607168188650764,0.691153161953081,4.270695952029551,3.8187108282864943,4.270695952029551,4.019381523748645,4.270695952029551,3.5085558999826545,2.60568818844064,3.7316994512968646,4.019381523748645,3.6516567436233283,0.691153161953081,0.6714286566053024,0.691153161953081,0.691153161953081])",0.0
F031,"final, beyond, on., spring, language, strong, stop, girl, back, mission., manage, stuff, drop., —, shocking, claims, miracle, drug, surface, internet.","(10000,[503,796,1029,1256,1644,1653,1716,4489,5611,5850,6355,7281,7722,7860,7883,7936,8338,8430,8852,8900],[0.691153161953081,5.117993812416755,3.914021008090819,3.125563647726549,3.7316994512968646,4.42484663185681,4.137164559405029,5.523458920524919,5.523458920524919,0.691153161953081,4.137164559405029,0.6714286566053024,4.270695952029551,2.997730276216664,5.117993812416755,0.691153161953081,0.691153161953081,4.42484663185681,5.117993812416755,4.270695952029551])",0.0
R206,"probably, close, wall., deal, section, raise, sense, cost, himself., hair, choose, ok, young., control, individual, law, already, ok., experts, discuss, ongoing, developments, research.","(10000,[594,1208,1433,2297,2645,3072,3497,3527,3614,3792,3979,4490,4506,4687,5252,5447,5553,6968,7066,7664,8614,9462,9706],[4.137164559405029,2.7826188965997183,4.270695952029551,4.607168188650764,4.137164559405029,5.117993812416755,4.019381523748645,4.270695952029551,0.691153161953081,3.577548771469606,4.019381523748645,4.019381523748645,0.691153161953081,0.691153161953081,4.830311739964974,3.6516567436233283,5.117993812416755,4.019381523748645,2.849310271098391,4.270695952029551,4.019381523748645,0.691153161953081,4.019381523748645])",1.0
F238,"tv, baby, least, even, society, grow, while., fast, film, land, perhaps, win, research., —, shocking, claims, secret, cure, surface, internet.","(10000,[327,503,1259,1348,1634,2398,2404,3892,4547,5003,5850,6406,6747,7066,7148,7281,7936,8338,8391,9263],[3.8187108282864943,0.691153161953081,3.6516567436233283,3.914021008090819,3.8187108282864943,4.137164559405029,4.270695952029551,2.5530444549552183,5.117993812416755,4.607168188650764,0.691153161953081,4.270695952029551,2.5530444549552183,2.849310271098391,4.270695952029551,0.6714286566053024,0.691153161953081,0.691153161953081,4.607168188650764,4.42484663185681])",0.0
R027,"painting, remain, billion, almost., evidence, sometimes., experts, discuss, ongoing, developments, climate, change.","(10000,[258,821,1034,1140,1144,2054,2059,3614,4506,4687,5205,9462],[4.019381523748645,2.849310271098391,4.270695952029551,5.523458920524919,5.117993812416755,4.137164559405029,2.661258039595451,0.691153161953081,0.691153161953081,0.691153161953081,4.137164559405029,0.691153161953081])",1.0
F169,"attack, physical, method, father., collection, either, concern, else, carry., —, shocking, claims, government, cover-up, surface, internet.","(10000,[503,1968,2259,3881,5034,5693,5850,6015,7281,7936,8209,8338,8649,9126,9132,9813],[0.691153161953081,3.914021008090819,2.849310271098391,5.117993812416755,4.270695952029551,4.270695952029551,0.691153161953081,4.607168188650764,0.6714286566053024,0.691153161953081,3.914021008090819,0.691153161953081,4.019381523748645,4.019381523748645,5.117993812416755,2.997730276216664])",0.0
F208,"war, exist, finally, unit, relationship, child., win, organization, nation, receive, activity, plant, police., —, shocking, claims, aliens, surface, internet.","(10000,[503,650,1364,1655,1817,2398,4014,4260,4391,4617,5850,6335,6602,7244,7281,7936,8110,8338,8719],[0.691153161953081,2.958509563063383,4.42484663185681,5.523458920524919,3.8187108282864943,4.137164559405029,4.270695952029551,4.42484663185681,5.117993812416755,4.019381523748645,0.691153161953081,4.42484663185681,4.270695952029551,3.6516567436233283,0.6714286566053024,0.691153161953081,4.830311739964974,0.691153161953081,4.42484663185681])",0.0
F212,"happen, indeed, vote, actually, church, no., around, help, increase., follow, pull, produce, relate, kind, feeling., —, shocking, claims, miracle, drug, surface, internet.","(10000,[503,988,1256,1273,1648,2470,4704,4934,5643,5850,6044,6197,6447,6597,6623,7281,7860,7936,8338,9214,9347,9367],[0.691153161953081,3.914021008090819,3.125563647726549,3.914021008090819,3.914021008090819,5.117993812416755,4.019381523748645,4.019381523748645,5.117993812416755,0.691153161953081,4.42484663185681,4.270695952029551,4.137164559405029,4.270695952029551,4.607168188650764,0.6714286566053024,2.997730276216664,0.691153161953081,0.691153161953081,4.270695952029551,4.137164559405029,4.607168188650764])",0.0
F032,"road, eye, upon, study, civil., film, meeting, compare., green, force, million, purpose., —, shocking, claims, hoax, surface, internet.","(10000,[20,391,503,551,1341,4224,4377,4464,4570,5003,5725,5850,6735,7281,7936,8338,8651,8734],[4.270695952029551,3.4440173788450834,0.691153161953081,4.270695952029551,3.914021008090819,4.137164559405029,2.60568818844064,5.523458920524919,4.830311739964974,4.607168188650764,4.019381523748645,0.691153161953081,4.270695952029551,0.6714286566053024,0.691153161953081,0.691153161953081,3.914021008090819,4.607168188650764])",0.0
F109,"tend, baby, his., believe, special, behind, study, large, miss., —, shocking, claims, hoax, surface, internet.","(10000,[503,533,1055,1348,1810,3754,4224,4346,4377,5850,6961,7022,7281,7936,8338],[0.691153161953081,4.42484663185681,3.7316994512968646,3.914021008090819,3.8187108282864943,4.830311739964974,4.137164559405029,4.137164559405029,2.60568818844064,0.691153161953081,5.117993812416755,4.137164559405029,0.6714286566053024,0.691153161953081,0.691153161953081])",0.0
R111,"character, attention, try, plan, environmental, hospital., control, keep, relate, dog, politics, leg., role, population, culture., experts, discuss, ongoing, developments, policy.","(10000,[934,988,1208,1238,3144,3350,3614,4506,4687,4693,4867,5703,5887,6027,6123,6944,9258,9462,9564,9594],[5.523458920524919,3.914021008090819,2.7826188965997183,5.117993812416755,3.8187108282864943,4.019381523748645,0.691153161953081,0.691153161953081,0.691153161953081,4.137164559405029,4.42484663185681,5.523458920524919,4.137164559405029,4.830311739964974,4.137164559405029,2.849310271098391,3.7316994512968646,0.691153161953081,4.137164559405029,3.7316994512968646])",1.0
F078,"relationship, best, student, outside., answer, black, population, become., —, shocking, claims, aliens, surface, internet.","(10000,[503,650,763,1948,3536,3619,4260,5850,7281,7936,7954,8338,9258,9714],[0.691153161953081,2.958509563063383,4.270695952029551,3.8187108282864943,4.137164559405029,4.42484663185681,4.42484663185681,0.691153161953081,0.6714286566053024,0.691153161953081,5.117993812416755,0.691153161953081,3.7316994512968646,5.117993812416755])",0.0
R105,"increase, choice, fact, vote, sit, once., dinner, others, adult, television., experts, discuss, ongoing, developments, budget, report.","(10000,[72,1365,2240,3614,4506,4687,4991,5432,6053,6940,6946,7215,7963,8692,9214,9462],[3.914021008090819,4.42484663185681,4.607168188650764,0.691153161953081,0.691153161953081,0.691153161953081,2.6330871626287546,2.6902455764687034,4.019381523748645,4.019381523748645,3.6516567436233283,3.914021008090819,3.8187108282864943,5.117993812416755,4.270695952029551,0.691153161953081])",1.0
F196,"set, value, kind., eight, simply, think, source., —, shocking, claims, government, cover-up, surface, internet.","(10000,[503,1642,2259,2335,2784,3707,5342,5850,7281,7403,7936,8338,8482,9813],[0.691153161953081,4.607168188650764,2.849310271098391,3.6516567436233283,5.117993812416755,4.830311739964974,4.42484663185681,0.691153161953081,0.6714286566053024,4.42484663185681,0.691153161953081,0.691153161953081,3.577548771469606,2.997730276216664])",0.0
F118,"college, accept, choose, continue, practice, guess, player., wait, view, region, after., close, action, even., newspaper, example, western., —, shocking, claims, immortal, jellyfish, surface, internet.","(10000,[503,743,2039,2066,2263,2657,3238,3497,4280,5477,5850,6633,7177,7281,7293,7936,8057,8159,8338,8660,9606,9706,9876],[0.691153161953081,3.914021008090819,5.523458920524919,2.7508701982851385,5.117993812416755,3.8187108282864943,3.914021008090819,8.03876304749729,4.137164559405029,4.270695952029551,0.691153161953081,5.117993812416755,4.607168188650764,0.6714286566053024,4.270695952029551,0.691153161953081,3.8187108282864943,4.019381523748645,0.691153161953081,4.137164559405029,4.270695952029551,4.019381523748645,2.7508701982851385])",0.0
F077,"stop, situation, fire., eye, drop, short., —, shocking, claims, secret, cure, surface, internet.","(10000,[503,746,796,1341,3136,3892,5850,5854,6747,7281,7936,8338,8577],[0.691153161953081,5.523458920524919,5.117993812416755,3.914021008090819,4.607168188650764,2.5530444549552183,0.691153161953081,5.523458920524919,2.5530444549552183,0.6714286566053024,0.691153161953081,0.691153161953081,4.270695952029551])",0.0
F070,"cell, consider, dog, wind., policy, medical, others, fly, foreign., —, shocking, claims, government, cover-up, surface, internet.","(10000,[312,503,1978,2259,3210,3822,4142,5850,5944,6940,7281,7936,8268,8338,9564,9813],[4.42484663185681,0.691153161953081,4.830311739964974,2.849310271098391,4.607168188650764,4.830311739964974,4.42484663185681,0.691153161953081,4.137164559405029,4.019381523748645,0.6714286566053024,0.691153161953081,3.7316994512968646,0.691153161953081,4.137164559405029,2.997730276216664])",0.0
F041,"process, expect, population, generation, natural., society, fall, worker, loss, process., dream, prevent, book, start, senior, remember., rate, ok, race, five, keep, a., —, shocking, claims, immortal, jellyfish, surface, internet.","(10000,[253,327,393,454,503,2066,2366,2645,2676,2996,3252,3691,3729,4144,4237,5329,5849,5850,5974,6963,7281,7936,8040,8077,8338,8389,9258,9594,9876],[4.42484663185681,3.8187108282864943,4.137164559405029,3.7316994512968646,0.691153161953081,2.7508701982851385,4.270695952029551,4.137164559405029,4.42484663185681,3.5085558999826545,4.137164559405029,4.137164559405029,4.270695952029551,3.8187108282864943,4.607168188650764,4.137164559405029,5.523458920524919,0.691153161953081,4.137164559405029,3.8187108282864943,0.6714286566053024,0.691153161953081,3.577548771469606,5.523458920524919,0.691153161953081,5.117993812416755,3.7316994512968646,3.7316994512968646,2.7508701982851385])",0.0
R026,"save, ever, condition, election., experts, discuss, ongoing, developments, policy.","(10000,[3556,3614,4506,4520,4687,5328,5594,6944,9462],[2.7826188965997183,0.691153161953081,0.691153161953081,4.137164559405029,0.691153161953081,3.6516567436233283,4.830311739964974,2.849310271098391,0.691153161953081])",1.0
R207,"space, often, child, man, newspaper., size, model, debate, leg, team., skill, close, lot., experts, discuss, ongoing, developments, policy.","(10000,[7,2569,3192,3497,3614,4506,4687,4737,6021,6290,6944,7102,7244,8276,8544,9188,9462,9968],[4.270695952029551,3.5085558999826545,4.137164559405029,4.019381523748645,0.691153161953081,0.691153161953081,0.691153161953081,5.117993812416755,4.270695952029551,4.607168188650764,2.849310271098391,4.42484663185681,3.6516567436233283,3.914021008090819,5.523458920524919,4.830311739964974,0.691153161953081,3.8187108282864943])",1.0
F163,"next, smile, executive, kid, list., position, term, commercial, quickly., —, shocking, claims, secret, cure, surface, internet.","(10000,[503,1339,2188,2713,3723,3818,3892,5850,6443,6747,7281,7936,8273,8338,8961,9966],[0.691153161953081,4.019381523748645,4.270695952029551,4.137164559405029,3.7316994512968646,5.117993812416755,2.5530444549552183,0.691153161953081,3.7316994512968646,2.5530444549552183,0.6714286566053024,0.691153161953081,4.42484663185681,0.691153161953081,4.830311739964974,4.270695952029551])",0.0
F171,"history, office, election, compare., discover, third, theory, strong, commercial, hit., strong, stay, idea, shake., —, shocking, claims, government, cover-up, surface, internet.","(10000,[132,433,503,885,1468,2259,4170,4570,5850,5958,6176,6355,6443,6543,7281,7936,8338,8344,8771,9813],[3.8187108282864943,4.830311739964974,0.691153161953081,5.117993812416755,4.019381523748645,2.849310271098391,4.019381523748645,4.830311739964974,0.691153161953081,3.8187108282864943,5.523458920524919,8.274329118810059,3.7316994512968646,4.019381523748645,0.6714286566053024,0.691153161953081,0.691153161953081,3.914021008090819,4.270695952029551,2.997730276216664])",0.0
F139,"claim, thing, develop, within, data., hold, others, parent, rule., position, measure, finally, two, behavior, sit., —, shocking, claims, immortal, jellyfish, surface, internet.","(10000,[503,528,735,1241,1339,1817,2066,2389,2778,3857,4728,5850,6873,6940,7281,7711,7936,8338,8937,9817,9876,9932],[0.691153161953081,3.8187108282864943,4.137164559405029,3.577548771469606,4.019381523748645,3.8187108282864943,2.7508701982851385,4.42484663185681,5.117993812416755,5.117993812416755,3.7316994512968646,0.691153161953081,5.523458920524919,4.019381523748645,0.6714286566053024,5.117993812416755,0.691153161953081,0.691153161953081,4.270695952029551,4.42484663185681,2.7508701982851385,4.137164559405029])",0.0
F120,"others, walk, protect, person., pass, spring, perform., —, shocking, claims, miracle, drug, surface, internet.","(10000,[503,1256,1644,1750,5850,6142,6940,7235,7281,7860,7936,8338,8392,9513],[0.691153161953081,3.125563647726549,3.7316994512968646,5.523458920524919,0.691153161953081,4.137164559405029,4.019381523748645,3.914021008090819,0.6714286566053024,2.997730276216664,0.691153161953081,0.691153161953081,4.607168188650764,3.914021008090819])",0.0
F146,"war, majority, hand, scene, source., without, movie, order, glass., —, shocking, claims, mind, control, surface, internet.","(10000,[503,1208,1226,1439,3184,3423,3707,4043,5844,5850,7281,7936,8338,8719,9244,9432],[0.691153161953081,2.7826188965997183,3.914021008090819,3.5085558999826545,2.920769235080536,4.019381523748645,4.830311739964974,4.42484663185681,4.270695952029551,0.691153161953081,0.6714286566053024,0.691153161953081,0.691153161953081,4.42484663185681,4.270695952029551,3.914021008090819])",0.0
R115,"meeting, method, around., occur, development, tend, sign, play., rest, late, billion., experts, discuss, ongoing, developments, research.","(10000,[20,629,1810,1921,2708,2871,3079,3614,4506,4517,4687,6015,6257,6756,7066,9462],[4.270695952029551,5.117993812416755,3.8187108282864943,4.607168188650764,3.914021008090819,4.137164559405029,3.5085558999826545,0.691153161953081,0.691153161953081,4.830311739964974,0.691153161953081,4.607168188650764,5.523458920524919,3.3262343431887,2.849310271098391,0.691153161953081])",1.0
F039,"personal, character, save, start, result., ok, interview, financial, whole, team., —, shocking, claims, aliens, surface, internet.","(10000,[503,627,650,2645,2996,4520,4867,5850,6021,6035,7281,7407,7670,7936,7939,8338],[0.691153161953081,4.607168188650764,2.958509563063383,4.137164559405029,3.5085558999826545,4.137164559405029,4.42484663185681,0.691153161953081,4.270695952029551,3.577548771469606,0.6714286566053024,3.7316994512968646,5.117993812416755,0.691153161953081,4.270695952029551,0.691153161953081])",0.0
F225,"human, capital, official, fact, run, voice., wind, number, forward, tell, nice, professor, degree., —, shocking, claims, hoax, surface, internet.","(10000,[217,266,503,1850,2543,2558,3370,4377,4928,5850,6541,7215,7281,7936,8303,8338,8411,8485,8519],[3.7316994512968646,4.270695952029551,0.691153161953081,4.270695952029551,3.8187108282864943,4.270695952029551,4.137164559405029,2.60568818844064,4.607168188650764,0.691153161953081,3.8187108282864943,3.914021008090819,0.6714286566053024,0.691153161953081,4.607168188650764,0.691153161953081,3.7316994512968646,4.270695952029551,5.117993812416755])",0.0
F140,"social, employee, soldier, discuss., behind, machine, concern, beyond, short, tough, ground., indeed, woman, keep, figure, something, compare, wife., —, shocking, claims, aliens, surface, internet.","(10000,[503,650,823,1262,1968,4110,4141,4346,4563,4934,5399,5447,5850,6548,7281,7936,8040,8338,8678,8731,8900,9246,9594,9826],[0.691153161953081,2.958509563063383,4.137164559405029,4.137164559405029,3.914021008090819,4.607168188650764,4.607168188650764,4.137164559405029,4.42484663185681,4.019381523748645,4.607168188650764,3.6516567436233283,0.691153161953081,4.137164559405029,0.6714286566053024,0.691153161953081,3.577548771469606,0.691153161953081,4.830311739964974,5.117993812416755,4.270695952029551,4.137164559405029,3.7316994512968646,4.019381523748645])",0.0
F122,"scientist, physical, owner, clear, stand., security, product, degree., article, approach, window, professional, course., —, shocking, claims, mind, control, surface, internet.","(10000,[447,503,1208,1611,1702,2155,2403,2634,3095,3184,4499,4928,5850,6053,6090,6226,7281,7936,8338,8649],[4.270695952029551,0.691153161953081,2.7826188965997183,4.607168188650764,3.7316994512968646,4.607168188650764,4.42484663185681,4.270695952029551,4.607168188650764,2.920769235080536,4.830311739964974,4.607168188650764,0.691153161953081,4.019381523748645,5.523458920524919,4.270695952029551,0.6714286566053024,0.691153161953081,0.691153161953081,4.019381523748645])",0.0
R070,"partner, hit, beyond, suffer, dream., surface, interview, floor, although, six, myself., send, might, serious, support, republican, nothing., experts, discuss, ongoing, developments, budget, report.","(10000,[116,1117,2430,2895,3614,3924,4319,4506,4616,4687,4991,5401,5432,5523,6035,6135,7281,7779,8217,8252,8661,8900,9462],[4.270695952029551,4.42484663185681,5.117993812416755,5.117993812416755,0.691153161953081,4.607168188650764,3.5085558999826545,0.691153161953081,4.137164559405029,0.691153161953081,2.6330871626287546,3.8187108282864943,2.6902455764687034,4.270695952029551,3.577548771469606,4.019381523748645,0.6714286566053024,4.019381523748645,4.137164559405029,4.137164559405029,5.523458920524919,4.270695952029551,0.691153161953081])",1.0
F248,"moment, skin, beat, produce, matter, keep., technology, piece, apply, every, century., test, hand, land, final, child, even., —, shocking, claims, celebrity, scandal, surface, internet.","(10000,[503,1020,1648,1653,2402,2569,2788,3133,3401,3423,3486,4921,5833,5850,6586,7148,7177,7244,7281,7312,7936,8338,9681,9767],[0.691153161953081,2.6330871626287546,3.914021008090819,4.42484663185681,3.8187108282864943,3.5085558999826545,5.117993812416755,4.270695952029551,4.270695952029551,4.019381523748645,2.849310271098391,2.849310271098391,4.42484663185681,0.691153161953081,4.42484663185681,4.270695952029551,4.607168188650764,3.6516567436233283,0.6714286566053024,4.830311739964974,0.691153161953081,0.691153161953081,4.42484663185681,5.117993812416755])",0.0
R016,"friend, water, eight, tonight., everybody, call, meet, baby, recognize, box, themselves., experts, discuss, ongoing, developments, technology, breakthrough.","(10000,[488,1020,1348,2227,2561,2589,3614,4506,4687,5146,5853,7922,8171,8482,9184,9462,9940],[3.7316994512968646,2.6330871626287546,3.914021008090819,2.7200985396183848,4.019381523748645,4.019381523748645,0.691153161953081,0.691153161953081,0.691153161953081,3.914021008090819,5.117993812416755,4.270695952029551,3.914021008090819,3.577548771469606,5.117993812416755,0.691153161953081,4.137164559405029])",1.0
R148,"political, save, local, unit., anything, operation, ball, result., experts, discuss, ongoing, developments, technology, breakthrough.","(10000,[228,1020,2114,2227,2471,3614,3935,4506,4520,4687,5922,7492,7670,9462],[4.42484663185681,2.6330871626287546,4.607168188650764,2.7200985396183848,5.117993812416755,0.691153161953081,3.6516567436233283,0.691153161953081,4.137164559405029,0.691153161953081,4.270695952029551,4.137164559405029,5.117993812416755,0.691153161953081])",1.0
R142,"store, sure., goal, drop, move, reveal., practice, reason, behavior, movement, wife., experts, discuss, ongoing, developments, budget, report.","(10000,[735,1173,2006,2944,3614,4280,4506,4687,4991,5089,5294,5399,5432,6282,7184,8577,9462],[4.137164559405029,5.523458920524919,5.523458920524919,4.137164559405029,0.691153161953081,4.137164559405029,0.691153161953081,0.691153161953081,2.6330871626287546,3.914021008090819,4.137164559405029,4.607168188650764,2.6902455764687034,4.019381523748645,4.137164559405029,4.270695952029551,0.691153161953081])",1.0
F141,"pick, stand, security, reality, pay., bed, show, exist, write., —, shocking, claims, miracle, drug, surface, internet.","(10000,[503,680,1256,1676,2634,4019,5850,6602,6886,7281,7372,7860,7936,8338,9497,9593],[0.691153161953081,4.607168188650764,3.125563647726549,5.523458920524919,4.270695952029551,3.914021008090819,0.691153161953081,4.270695952029551,4.137164559405029,0.6714286566053024,4.137164559405029,2.997730276216664,0.691153161953081,0.691153161953081,4.42484663185681,5.523458920524919])",0.0
R076,"away, friend, front., agency, administration, today, sure, result, single., experts, discuss, ongoing, developments, technology, breakthrough.","(10000,[399,488,765,1020,1821,2227,3489,3614,3737,4253,4506,4687,5185,9462,9806],[3.4440173788450834,3.7316994512968646,5.117993812416755,2.6330871626287546,4.137164559405029,2.7200985396183848,4.830311739964974,0.691153161953081,3.7316994512968646,4.830311739964974,0.691153161953081,0.691153161953081,3.8187108282864943,0.691153161953081,4.270695952029551])",1.0
R180,"anyone, city, finish, into., able, lay, history, condition, draw, story, receive, city., keep, across, receive, arrive, take., term, article, family, near, education, decision, approach., experts, discuss, ongoing, developments, budget, report.","(10000,[206,442,666,1702,2188,2193,3496,3614,4357,4475,4506,4617,4687,4991,5328,5432,5495,5530,5974,6434,6543,6578,6855,7074,7391,8167,8297,9462,9594],[5.523458920524919,5.117993812416755,3.914021008090819,3.7316994512968646,4.270695952029551,3.6516567436233283,4.137164559405029,0.691153161953081,4.830311739964974,4.270695952029551,0.691153161953081,8.03876304749729,0.691153161953081,2.6330871626287546,3.6516567436233283,2.6902455764687034,4.607168188650764,4.830311739964974,4.137164559405029,5.117993812416755,4.019381523748645,3.8187108282864943,4.019381523748645,3.914021008090819,4.137164559405029,4.137164559405029,5.117993812416755,0.691153161953081,3.7316994512968646])",1.0
F126,"senior, form, interesting, treatment., animal, effort, show, never, college, represent, agreement., station, machine, especially, compare, age, week, war., —, shocking, claims, aliens, surface, internet.","(10000,[281,503,650,3143,3634,4019,4144,5122,5621,5726,5850,6749,7281,7360,7936,8040,8057,8173,8338,8415,8717,8791,9246,9892],[4.019381523748645,0.691153161953081,2.958509563063383,5.523458920524919,4.42484663185681,3.914021008090819,3.8187108282864943,3.6516567436233283,4.270695952029551,3.7316994512968646,0.691153161953081,5.523458920524919,0.6714286566053024,4.019381523748645,0.691153161953081,3.577548771469606,3.8187108282864943,3.6516567436233283,0.691153161953081,4.270695952029551,4.019381523748645,4.137164559405029,4.137164559405029,4.607168188650764])",0.0
R134,"kitchen, fire, resource, interest, choice., experts, discuss, ongoing, developments, economic, growth.","(10000,[70,756,779,1670,3614,4506,4687,5191,9034,9144,9462],[3.8187108282864943,4.270695952029551,5.523458920524919,4.270695952029551,0.691153161953081,0.691153161953081,0.691153161953081,4.137164559405029,2.8154087194227095,2.7826188965997183,0.691153161953081])",1.0
F132,"person, kind, continue, say, board, thought., notice, door, seek, skill, father, benefit., growth, arrive, room, travel, suddenly., —, shocking, claims, mind, control, surface, internet.","(10000,[171,320,494,503,743,1208,1525,1800,1840,2041,3184,3249,4461,4847,5850,5862,6044,7281,7391,7454,7936,8338,8681,9968],[4.270695952029551,4.019381523748645,4.607168188650764,0.691153161953081,3.914021008090819,2.7826188965997183,4.019381523748645,3.8187108282864943,5.117993812416755,4.830311739964974,2.920769235080536,3.5085558999826545,4.607168188650764,4.137164559405029,0.691153161953081,4.137164559405029,4.42484663185681,0.6714286566053024,4.137164559405029,4.42484663185681,0.691153161953081,0.691153161953081,4.137164559405029,3.8187108282864943])",0.0
F230,"fly, public, treat, page., body, certain., —, shocking, claims, immortal, jellyfish, surface, internet.","(10000,[503,841,1770,2066,3813,5850,5944,7281,7936,8338,8750,9380,9876],[0.691153161953081,4.607168188650764,2.920769235080536,2.7508701982851385,5.523458920524919,0.691153161953081,4.137164559405029,0.6714286566053024,0.691153161953081,0.691153161953081,4.42484663185681,5.117993812416755,2.7508701982851385])",0.0
F243,"unit, possible, edge, young, participant, recently, knowledge., collection, participant, compare, maybe, southern., change, response, each., —, shocking, claims, aliens, surface, internet.","(10000,[387,503,650,1417,2034,2445,3921,4818,5396,5850,6021,6100,6335,6805,7281,7809,7936,8209,8338,9246],[3.914021008090819,0.691153161953081,2.958509563063383,5.117993812416755,4.42484663185681,4.137164559405029,4.830311739964974,5.117993812416755,8.84969326371362,0.691153161953081,4.270695952029551,4.137164559405029,4.42484663185681,5.523458920524919,0.6714286566053024,4.830311739964974,0.691153161953081,3.914021008090819,0.691153161953081,4.137164559405029])",0.0
R191,"big, center, central, republican, moment, sit, quite., suddenly, plan, traditional, religious, stage, it., experts, discuss, ongoing, developments, budget, report.","(10000,[30,1480,3048,3401,3614,4293,4486,4506,4616,4687,4991,5432,6123,6946,7805,8581,8878,8928,9462],[4.019381523748645,4.607168188650764,4.137164559405029,4.270695952029551,0.691153161953081,4.270695952029551,3.914021008090819,0.691153161953081,4.137164559405029,0.691153161953081,2.6330871626287546,2.6902455764687034,4.137164559405029,3.6516567436233283,4.607168188650764,4.270695952029551,4.830311739964974,4.270695952029551,0.691153161953081])",1.0
R130,"truth, sea, practice., major, several, use, think, mouth, exactly., experts, discuss, ongoing, developments, public, health.","(10000,[160,1058,1770,2069,2335,3567,3614,4506,4687,5133,6219,7497,9227,9462,9617],[5.117993812416755,4.42484663185681,2.920769235080536,3.914021008090819,3.6516567436233283,4.830311739964974,0.691153161953081,0.691153161953081,0.691153161953081,3.8187108282864943,3.125563647726549,3.8187108282864943,4.42484663185681,0.691153161953081,4.137164559405029])",1.0
F081,"nature, best, visit, make, serious., bank, sister, billion, dog., rate, coach, firm, find., —, shocking, claims, mind, control, surface, internet.","(10000,[253,258,503,698,763,1122,1208,1439,3184,3514,3521,3525,3611,5850,7281,7359,7936,8338,8894,8982],[4.42484663185681,4.019381523748645,0.691153161953081,5.117993812416755,4.270695952029551,4.607168188650764,2.7826188965997183,3.5085558999826545,2.920769235080536,4.607168188650764,4.607168188650764,4.270695952029551,4.137164559405029,0.691153161953081,0.6714286566053024,5.117993812416755,0.691153161953081,0.691153161953081,4.019381523748645,4.137164559405029])",0.0
R209,"benefit, section, fill., western, lot, notice, may, contain, simple, story, boy., base, name, foot, executive, look, with., experts, discuss, ongoing, developments, technology, breakthrough.","(10000,[15,453,524,1020,1525,2227,2913,3614,4506,4687,4943,5653,6855,6968,7493,7640,7890,8046,8173,9160,9462,9939,9966],[4.42484663185681,3.914021008090819,3.577548771469606,2.6330871626287546,4.019381523748645,2.7200985396183848,3.383392757028649,0.691153161953081,0.691153161953081,0.691153161953081,4.019381523748645,4.42484663185681,4.019381523748645,4.019381523748645,4.270695952029551,4.607168188650764,4.270695952029551,5.117993812416755,3.6516567436233283,4.607168188650764,0.691153161953081,4.019381523748645,4.270695952029551])",1.0
F228,"animal, student., —, shocking, claims, hoax, surface, internet.","(10000,[503,1099,4377,5850,7281,7360,7936,8338],[0.691153161953081,5.117993812416755,2.60568818844064,0.691153161953081,0.6714286566053024,4.019381523748645,0.691153161953081,0.691153161953081])",0.0
R030,"road, population, bring, popular, edge., mouth, reflect, husband, policy, enough., experts, discuss, ongoing, developments, budget, report.","(10000,[197,3057,3614,4142,4506,4687,4991,5321,5432,5725,6148,7208,7497,8859,9258,9462],[5.523458920524919,4.270695952029551,0.691153161953081,4.42484663185681,0.691153161953081,0.691153161953081,2.6330871626287546,4.019381523748645,2.6902455764687034,4.019381523748645,4.270695952029551,4.607168188650764,3.8187108282864943,4.830311739964974,3.7316994512968646,0.691153161953081])",1.0
R214,"increase, century, receive., street, security, continue, wonder, fly, community, read., away, eight, future., experts, discuss, ongoing, developments, education.","(10000,[743,2634,2687,3614,3684,3737,4506,4687,4723,5047,5944,7841,7963,8174,8482,8547,9459,9462],[3.914021008090819,4.270695952029551,5.117993812416755,0.691153161953081,3.914021008090819,3.7316994512968646,0.691153161953081,0.691153161953081,4.137164559405029,2.661258039595451,4.137164559405029,3.7316994512968646,3.8187108282864943,4.270695952029551,3.577548771469606,4.830311739964974,5.117993812416755,0.691153161953081])",1.0
R175,"require, anyone, father, inside., commercial, something, compare., security, give, present, boy., certainly, eye, take, local, bed., experts, discuss, ongoing, developments, economic, growth.","(10000,[228,666,673,855,1341,1800,2634,3614,3783,4506,4570,4687,5465,6443,8046,8130,8449,9034,9144,9166,9462,9826],[4.42484663185681,3.914021008090819,4.137164559405029,4.270695952029551,3.914021008090819,3.8187108282864943,4.270695952029551,0.691153161953081,3.6516567436233283,0.691153161953081,4.830311739964974,0.691153161953081,3.8187108282864943,3.7316994512968646,5.117993812416755,4.270695952029551,4.019381523748645,2.8154087194227095,2.7826188965997183,5.523458920524919,0.691153161953081,4.019381523748645])",1.0
