id,title,text,label
R129,New Report on Election,Particularly out sit leave sort move company. Kid world drug nor instead the. Experts discuss the ongoing developments in election.,REAL
R227,New Report on Climate Change,Study condition sing teach staff fill. Responsibility group through course people behind. Strategy hit six wait pattern operation. Experts discuss the ongoing developments in climate change.,REAL
F231,Aliens Confirmed by Sources,Ago your break force. Beautiful environment consumer generation large. This just in — shocking claims about aliens surface on the internet.,FAKE
R066,New Report on Policy,Tell responsibility structure analysis. Experts discuss the ongoing developments in policy.,REAL
F095,Mind Control Confirmed by Sources,Yet PM space should. Herself speak course. Explain today can around maintain rather. Compare finish win direction. This just in — shocking claims about mind control surface on the internet.,FAKE
R174,New Report on Policy,Shake maintain fight decade long nearly. Similar themselves modern pattern base. Particular he affect detail later maintain law. Experts discuss the ongoing developments in policy.,REAL
R201,New Report on Public Health,Water such too collection test. Whether clear crime car. Much option small respond firm itself meeting. Experts discuss the ongoing developments in public health.,REAL
R072,New Report on Education,Major best PM hot compare college check. Owner research technology mean institution. Experts discuss the ongoing developments in education.,REAL
R064,New Report on Research,Often organization late floor. Theory image class deal decide at. Experts discuss the ongoing developments in research.,REAL
F037,Miracle Drug Confirmed by Sources,Answer step difficult per girl someone. National describe picture how. Laugh run sense candidate benefit their. This just in — shocking claims about miracle drug surface on the internet.,FAKE
R170,New Report on Technology Breakthrough,After serve month green suddenly college. Cup available capital face. Experts discuss the ongoing developments in technology breakthrough.,REAL
F110,Celebrity Scandal Confirmed by Sources,Wide whatever huge sign hard social beyond help. Air seek this south. This just in — shocking claims about celebrity scandal surface on the internet.,FAKE
F048,Secret Cure Confirmed by Sources,Program hold peace month capital clearly officer. This just in — shocking claims about secret cure surface on the internet.,FAKE
F082,Hoax Confirmed by Sources,Physical power decision campaign. This just in — shocking claims about hoax surface on the internet.,FAKE
F187,Miracle Drug Confirmed by Sources,Room should enter ahead think chair lawyer son. Health myself receive almost first. Entire child relationship this degree truth treat. This just in — shocking claims about miracle drug surface on the internet.,FAKE
F027,Miracle Drug Confirmed by Sources,National special grow use ball year PM. This just in — shocking claims about miracle drug surface on the internet.,FAKE
F202,Hoax Confirmed by Sources,Probably memory perhaps carry actually vote image. Else one election past. This just in — shocking claims about hoax surface on the internet.,FAKE
F197,Secret Cure Confirmed by Sources,Cost policy music stay according. This just in — shocking claims about secret cure surface on the internet.,FAKE
R128,New Report on Climate Change,Mission east general statement. Decision away pattern administration history fight box. Experts discuss the ongoing developments in climate change.,REAL
F157,Government Cover-Up Confirmed by Sources,Week beat generation nice. Show morning box avoid. Common how could political out growth. This just in — shocking claims about government cover-up surface on the internet.,FAKE
F117,Hoax Confirmed by Sources,President be get political time establish apply. Week focus big. Among else to candidate research billion. Catch during it important end. This just in — shocking claims about hoax surface on the internet.,FAKE
F173,Secret Cure Confirmed by Sources,Plan machine animal card although. This just in — shocking claims about secret cure surface on the internet.,FAKE
F024,Aliens Confirmed by Sources,Huge enter send just. Adult keep serious production protect final before. Nice traditional send man information pass. This just in — shocking claims about aliens surface on the internet.,FAKE
F096,Celebrity Scandal Confirmed by Sources,Economy writer crime hope letter at. Let foot body last his institution hit. This just in — shocking claims about celebrity scandal surface on the internet.,FAKE
R247,New Report on Public Health,Economy generation about several short movie must. Pick three might whose. Agent discuss property reflect miss cup. Grow discover analysis enter husband property such. Experts discuss the ongoing developments in public health.,REAL
F226,Government Cover-Up Confirmed by Sources,Total despite tell plant relate process quickly. Mrs able another information marriage. Some society truth away police onto trouble. This just in — shocking claims about government cover-up surface on the internet.,FAKE
F100,Flat Earth Confirmed by Sources,Because young summer scene Republican include. Our sit series fund. This just in — shocking claims about flat earth surface on the internet.,FAKE
F246,Government Cover-Up Confirmed by Sources,Add chance great among home college. Color enjoy garden budget. This just in — shocking claims about government cover-up surface on the internet.,FAKE
F183,Aliens Confirmed by Sources,Clearly step purpose forget always food pass. Skill every officer travel third. Job or low close. This just in — shocking claims about aliens surface on the internet.,FAKE
R063,New Report on Policy,Often such hit still work head move rather. Big order manager vote. Experts discuss the ongoing developments in policy.,REAL
R005,New Report on Election,Central charge green. Eight road later article short personal. Experts discuss the ongoing developments in election.,REAL
R084,New Report on Election,Information group senior position speech office. Rest unit surface should. Well everything might mouth. Experts discuss the ongoing developments in election.,REAL
R124,New Report on Education,Hair father shoulder agency social. Experts discuss the ongoing developments in education.,REAL
R118,New Report on Research,Bring fear I two system science green. Until note then first. Dark fire seat. Job nearly arrive everybody police money right director. Experts discuss the ongoing developments in research.,REAL
F001,Aliens Confirmed by Sources,Debate party consumer somebody member country. Strategy several structure get relate standard region. Toward reach window happen drug eat. Meet vote that become. This just in — shocking claims about aliens surface on the internet.,FAKE
F007,Immortal Jellyfish Confirmed by Sources,Any player teacher about produce foot nature. Medical agreement hospital family. Treat everyone north. This just in — shocking claims about immortal jellyfish surface on the internet.,FAKE
F046,Mind Control Confirmed by Sources,Those responsibility science head. Wind program cold major. Inside woman small national politics girl get. This just in — shocking claims about mind control surface on the internet.,FAKE
R103,New Report on Research,Shake election way drop condition new wife. Chair daughter everything what animal. Experts discuss the ongoing developments in research.,REAL
R037,New Report on Budget Report,Move treat against teacher one. Energy better article energy director tough. Send friend actually open course light whom edge. Simple enjoy leader able cut nor. Experts discuss the ongoing developments in budget report.,REAL
F193,Secret Cure Confirmed by Sources,Improve industry general describe wind. This just in — shocking claims about secret cure surface on the internet.,FAKE
R166,New Report on Election,That side law little thought. Camera newspaper wind performance continue could. Land strong eat would. Experts discuss the ongoing developments in election.,REAL
F017,Immortal Jellyfish Confirmed by Sources,Thought image scientist upon land poor. Protect although whether modern. Station stand hand low live expect address. Already political western draw late never. This just in — shocking claims about immortal jellyfish surface on the internet.,FAKE
R008,New Report on Economic Growth,Economic alone I figure animal address. Speech everybody image lose. Central financial response individual themselves surface any. Experts discuss the ongoing developments in economic growth.,REAL
F071,Celebrity Scandal Confirmed by Sources,Get staff direction many firm be great. Table special interest until. This just in — shocking claims about celebrity scandal surface on the internet.,FAKE
F028,Mind Control Confirmed by Sources,Reason think heart town seek data so teach. Kind future lay couple. Him or probably. This just in — shocking claims about mind control surface on the internet.,FAKE
F227,Immortal Jellyfish Confirmed by Sources,Institution far thought popular professor. Behind way continue simple international role. Defense lawyer physical recognize indeed. Condition smile song win inside. This just in — shocking claims about immortal jellyfish surface on the internet.,FAKE
R200,New Report on Public Health,Resource international week option. Experts discuss the ongoing developments in public health.,REAL
R225,New Report on Climate Change,Conference follow enter officer next body fund draw. Debate near inside manager. Class foreign second series. Experts discuss the ongoing developments in climate change.,REAL
R062,New Report on Budget Report,Say court shoulder six federal possible that. Student lay head performance note argue media hotel. Success plant paper have weight simply. Experts discuss the ongoing developments in budget report.,REAL
F033,Hoax Confirmed by Sources,Political main country ability ok time environment. Near his he protect challenge organization. Business PM hot foreign. This just in — shocking claims about hoax surface on the internet.,FAKE
F012,Hoax Confirmed by Sources,Religious pattern represent task. Wind feel those left. Late financial bit staff. This just in — shocking claims about hoax surface on the internet.,FAKE
R121,New Report on Research,Evidence push indicate together stuff. Than fine nearly pass. Experts discuss the ongoing developments in research.,REAL
F210,Aliens Confirmed by Sources,Adult figure create entire our everyone drive team. Blue wall southern car general better stuff quite. Paper consumer several realize father service into evidence. This just in — shocking claims about aliens surface on the internet.,FAKE
F151,Hoax Confirmed by Sources,Common minute three stand democratic why. This just in — shocking claims about hoax surface on the internet.,FAKE
F099,Secret Cure Confirmed by Sources,General open blood gun government. Year billion adult mission million network notice likely. This just in — shocking claims about secret cure surface on the internet.,FAKE
R090,New Report on Technology Breakthrough,Language action if understand. System with standard financial quality. However window say job require close indicate simple. Pm away attorney feel. Experts discuss the ongoing developments in technology breakthrough.,REAL
R125,New Report on Budget Report,Among yeah man listen deep front ever. Level front building nature. Experts discuss the ongoing developments in budget report.,REAL
R091,New Report on Climate Change,Finally successful ten eat physical fill fast. Friend dog behavior suddenly cause paper culture find. Now adult wonder past. Experts discuss the ongoing developments in climate change.,REAL
R157,New Report on Climate Change,Radio sea such senior. Across both difficult far ago. Experts discuss the ongoing developments in climate change.,REAL
F098,Miracle Drug Confirmed by Sources,Group million impact federal heart last. Affect nothing assume establish give everyone yourself. This just in — shocking claims about miracle drug surface on the internet.,FAKE
F164,Immortal Jellyfish Confirmed by Sources,Degree father increase skin. Check level party purpose. This just in — shocking claims about immortal jellyfish surface on the internet.,FAKE
R050,New Report on Economic Growth,Cut else guess mention ahead catch assume. Ask deep over. Experts discuss the ongoing developments in economic growth.,REAL
R249,New Report on Climate Change,Once matter week think knowledge we. Than again church stage door. Attack safe present. Experts discuss the ongoing developments in climate change.,REAL
R093,New Report on Election,Why leave which wait. Image begin boy indicate offer paper. Experts discuss the ongoing developments in election.,REAL
R131,New Report on Education,Sure financial value development. Realize language get understand open. Season hope under lot option industry. Experts discuss the ongoing developments in education.,REAL
F107,Flat Earth Confirmed by Sources,Enter add shoulder. Save song prevent marriage say forget. This just in — shocking claims about flat earth surface on the internet.,FAKE
F153,Hoax Confirmed by Sources,Executive rate military people clear manage. Organization staff say able main someone thousand agreement. Much southern according run sit stage born place. This just in — shocking claims about hoax surface on the internet.,FAKE
F091,Flat Earth Confirmed by Sources,Still myself rather century. Far example color most nature reduce. This just in — shocking claims about flat earth surface on the internet.,FAKE
R246,New Report on Economic Growth,Ask sell newspaper indeed foot theory man. Mission approach argue sound site talk serve. Spring statement team language western play. Party concern poor bit both. Experts discuss the ongoing developments in economic growth.,REAL
F004,Secret Cure Confirmed by Sources,Officer way phone light act collection. Street brother marriage. Soon population admit. This just in — shocking claims about secret cure surface on the internet.,FAKE
F220,Celebrity Scandal Confirmed by Sources,Candidate major prevent partner. Fish often despite admit. Market car instead little watch land. This just in — shocking claims about celebrity scandal surface on the internet.,FAKE
F121,Hoax Confirmed by Sources,Administration reason surface wall guess price. Against out trip institution own measure public. Go and daughter natural. This just in — shocking claims about hoax surface on the internet.,FAKE
F245,Mind Control Confirmed by Sources,Wait some fund report. Real woman over upon. This just in — shocking claims about mind control surface on the internet.,FAKE
R035,New Report on Climate Change,Mother food data true sport plan report. Single oil tree cup. Interview very old music or hundred face. Whole section thought. Experts discuss the ongoing developments in climate change.,REAL
R024,New Report on Education,North themselves million pay school determine must occur. But do kitchen machine no. Experts discuss the ongoing developments in education.,REAL
F079,Miracle Drug Confirmed by Sources,All fly require everyone inside. Environment among build agent community home. This just in — shocking claims about miracle drug surface on the internet.,FAKE
R094,New Report on Policy,Research debate free support according power. Finally tend believe. Expect heavy member field stay. Experts discuss the ongoing developments in policy.,REAL
R040,New Report on Policy,Begin return tough sing may. Create minute black see should. Experts discuss the ongoing developments in policy.,REAL
F170,Immortal Jellyfish Confirmed by Sources,Thought modern specific must. Nice everybody page develop image believe wait. Between decade member side director. This just in — shocking claims about immortal jellyfish surface on the internet.,FAKE
F130,Immortal Jellyfish Confirmed by Sources,Leg vote avoid task support region field. Radio cup we new measure score fund including. This just in — shocking claims about immortal jellyfish surface on the internet.,FAKE
R085,New Report on Economic Growth,Scientist fund yard source bring. Almost decide game get difference until the. Experts discuss the ongoing developments in economic growth.,REAL
R054,New Report on Budget Report,Improve source knowledge receive. Garden language past could voice adult professional. Alone of condition nice job. Experts discuss the ongoing developments in budget report.,REAL
R047,New Report on Technology Breakthrough,Thus security television teach open outside. Guess prevent traditional position. Lay poor anything hour eye. Experts discuss the ongoing developments in technology breakthrough.,REAL
R199,New Report on Economic Growth,Practice speak agree despite appear certainly reflect least. Force development anyone author throw reflect real. Give discuss for recent skin weight. Experts discuss the ongoing developments in economic growth.,REAL
F062,Miracle Drug Confirmed by Sources,Truth could debate executive. Say section down yard heart building moment. This just in — shocking claims about miracle drug surface on the internet.,FAKE
R244,New Report on Technology Breakthrough,Interest success be information worry. Brother to similar onto responsibility successful still section. Agent blood under whom attention serious. Experts discuss the ongoing developments in technology breakthrough.,REAL
R107,New Report on Election,Discover light what yes. Though help address represent school state record. Either a direction east week player really history. Eye agreement also each matter spring actually. Experts discuss the ongoing developments in election.,REAL
F148,Aliens Confirmed by Sources,Trip value both office together information movement. Pass fall threat attention skill tell live. This just in — shocking claims about aliens surface on the internet.,FAKE
F023,Mind Control Confirmed by Sources,Fill along reason majority Republican. Little only itself arrive. Strategy also structure political. This just in — shocking claims about mind control surface on the internet.,FAKE
R075,New Report on Budget Report,Audience face data daughter possible effort. Laugh central loss phone future. Experts discuss the ongoing developments in budget report.,REAL
R220,New Report on Public Health,Discussion explain season food official heart computer describe. Rest thing include go police why remain. Ok on think scene. Experts discuss the ongoing developments in public health.,REAL
R099,New Report on Economic Growth,Music study culture usually community. Themselves physical now director this color recently. Experts discuss the ongoing developments in economic growth.,REAL
F066,Flat Earth Confirmed by Sources,Well bill film wear. This just in — shocking claims about flat earth surface on the internet.,FAKE
F060,Flat Earth Confirmed by Sources,Same process detail beat hope wonder. Special rock half. Nearly skill be yet else. This just in — shocking claims about flat earth surface on the internet.,FAKE
F022,Government Cover-Up Confirmed by Sources,Also very human politics capital example. Age Republican nor woman provide. Week audience support debate west effort. Return less side degree house. This just in — shocking claims about government cover-up surface on the internet.,FAKE
F127,Mind Control Confirmed by Sources,Tough already likely turn many very without. This just in — shocking claims about mind control surface on the internet.,FAKE
R212,New Report on Education,Newspaper yeah phone present various manager store interest. Experts discuss the ongoing developments in education.,REAL
F119,Mind Control Confirmed by Sources,Common mention spend almost south. Public see there democratic check everybody expert. This just in — shocking claims about mind control surface on the internet.,FAKE
F103,Hoax Confirmed by Sources,End create check hard new head standard. Enough always throughout too conference organization. This just in — shocking claims about hoax surface on the internet.,FAKE
F191,Mind Control Confirmed by Sources,Side development lawyer street doctor movie none. Father boy in model. Recently top share interesting. This just in — shocking claims about mind control surface on the internet.,FAKE
F002,Mind Control Confirmed by Sources,Trade various concern million soon matter ball purpose. Three until where. This just in — shocking claims about mind control surface on the internet.,FAKE
R155,New Report on Election,Suffer happen control hit individual court interview maintain. Paper matter toward structure. Test account however form water him newspaper. Head understand travel mean court fear major. Experts discuss the ongoing developments in election.,REAL
R006,New Report on Technology Breakthrough,Leg sometimes office never human. Foreign picture big state moment most top. Since black keep box. Response interest back energy. Experts discuss the ongoing developments in technology breakthrough.,REAL
F086,Government Cover-Up Confirmed by Sources,Step over cost last peace. Compare draw common environment senior. This just in — shocking claims about government cover-up surface on the internet.,FAKE
R168,New Report on Election,Hot against and daughter garden throw entire. Put a door public base theory population either. Experts discuss the ongoing developments in election.,REAL
R077,New Report on Public Health,West stand raise easy test safe. Artist wide doctor PM large low maintain. Experts discuss the ongoing developments in public health.,REAL
F209,Hoax Confirmed by Sources,Nation ever force focus movement responsibility area card. Up item yeah sister. Him ground occur heart. This just in — shocking claims about hoax surface on the internet.,FAKE
R236,New Report on Public Health,Customer different sense scientist management blood apply either. Bag response minute lawyer board. Experts discuss the ongoing developments in public health.,REAL
F186,Aliens Confirmed by Sources,Give goal force team quite. Look how threat kind world industry itself. This just in — shocking claims about aliens surface on the internet.,FAKE
R243,New Report on Public Health,Voice home doctor. Lead also shoulder avoid. Drop happy financial third think. Experts discuss the ongoing developments in public health.,REAL
F094,Immortal Jellyfish Confirmed by Sources,Position federal than base size ok. Mrs example information property building. Coach stock system. Parent society management. This just in — shocking claims about immortal jellyfish surface on the internet.,FAKE
R032,New Report on Economic Growth,Possible other deep continue. Experts discuss the ongoing developments in economic growth.,REAL
R033,New Report on Education,Require world campaign small occur. Cold like behind good. Glass water food series hour section trade. Experts discuss the ongoing developments in education.,REAL
R045,New Report on Technology Breakthrough,Beautiful sea black sort. Experts discuss the ongoing developments in technology breakthrough.,REAL
R116,New Report on Education,Blue once why tree throw. Win conference send successful certain. Store in fact feeling drive. Experts discuss the ongoing developments in education.,REAL
F056,Celebrity Scandal Confirmed by Sources,Phone kitchen stay many international dog. Somebody issue matter opportunity good. Film easy price ability mention beautiful term beyond. This just in — shocking claims about celebrity scandal surface on the internet.,FAKE
R043,New Report on Policy,American it since involve little debate her. Those into address reduce. Party improve table little wait. Experts discuss the ongoing developments in policy.,REAL
R145,New Report on Economic Growth,Soon end produce able can just. Experts discuss the ongoing developments in economic growth.,REAL
F200,Secret Cure Confirmed by Sources,Great cost image area enter rock. Economic four nor require up story good. This just in — shocking claims about secret cure surface on the internet.,FAKE
F034,Celebrity Scandal Confirmed by Sources,While south perform suffer. Over white these society foreign listen first her. Politics hand seek public brother consider. This just in — shocking claims about celebrity scandal surface on the internet.,FAKE
F149,Secret Cure Confirmed by Sources,Century effect camera throughout middle walk participant. This just in — shocking claims about secret cure surface on the internet.,FAKE
F051,Secret Cure Confirmed by Sources,Nor charge local travel matter where. Anyone less color charge character Congress. This just in — shocking claims about secret cure surface on the internet.,FAKE
F089,Flat Earth Confirmed by Sources,Social weight kid author. His able who. Hear guy blue government teach picture. This just in — shocking claims about flat earth surface on the internet.,FAKE
F135,Flat Earth Confirmed by Sources,Off from time likely black. Eight today term truth. This just in — shocking claims about flat earth surface on the internet.,FAKE
F088,Government Cover-Up Confirmed by Sources,First everything poor end board sing the. Through respond worker fight ask. This just in — shocking claims about government cover-up surface on the internet.,FAKE
R010,New Report on Election,Change society surface task. Per herself nor open out history. Experts discuss the ongoing developments in election.,REAL
R211,New Report on Policy,World try skill window attention mention focus. Performance page former these picture game. Experts discuss the ongoing developments in policy.,REAL
F204,Miracle Drug Confirmed by Sources,Others fact knowledge dream take. Event by meet message old meeting condition. This just in — shocking claims about miracle drug surface on the internet.,FAKE
F168,Miracle Drug Confirmed by Sources,Particular tree tree way cover. Management audience agree anyone indeed traditional front. Their actually alone tonight should structure. This just in — shocking claims about miracle drug surface on the internet.,FAKE
R011,New Report on Public Health,Health value hour protect. Detail toward keep very into save. Clearly ground site least. Experts discuss the ongoing developments in public health.,REAL
R232,New Report on Climate Change,Able produce baby sit any speak. Experts discuss the ongoing developments in climate change.,REAL
R042,New Report on Public Health,Step take half night week. Develop energy likely generation ability. Experts discuss the ongoing developments in public health.,REAL
F182,Hoax Confirmed by Sources,Itself table industry plant yard. Condition throw statement modern return piece live. This just in — shocking claims about hoax surface on the internet.,FAKE
F036,Miracle Drug Confirmed by Sources,Behind culture store. Store be forward knowledge site meeting. Take seven money success real. This just in — shocking claims about miracle drug surface on the internet.,FAKE
F068,Secret Cure Confirmed by Sources,Look arm cold investment. Study letter down special production degree add smile. No total consider series increase. This just in — shocking claims about secret cure surface on the internet.,FAKE
R015,New Report on Election,Half finally remain debate. Picture rule product. Experts discuss the ongoing developments in election.,REAL
R147,New Report on Climate Change,Yeah thought today later gas fast offer. Guess citizen management break trouble training marriage. Who rich research industry conference. Experts discuss the ongoing developments in climate change.,REAL
F198,Government Cover-Up Confirmed by Sources,Billion every sit. Cause government get. This just in — shocking claims about government cover-up surface on the internet.,FAKE
R081,New Report on Climate Change,Seven pull watch tree. Market eye two war sister shoulder past. Experts discuss the ongoing developments in climate change.,REAL
F050,Aliens Confirmed by Sources,However do meeting employee doctor. Future fly accept style collection letter record. Sure already wind bring result back customer other. Same fast page likely third least most protect. This just in — shocking claims about aliens surface on the internet.,FAKE
F162,Celebrity Scandal Confirmed by Sources,Evidence above risk century eye. Try pick fund toward evidence ever large must. Edge enough lot new very wonder western. This just in — shocking claims about celebrity scandal surface on the internet.,FAKE
R028,New Report on Technology Breakthrough,Marriage color make mother. Medical whatever six then seat. Experts discuss the ongoing developments in technology breakthrough.,REAL
R195,New Report on Budget Report,Attorney decision toward eight appear attack. Sure so nice foreign sign partner board. Experts discuss the ongoing developments in budget report.,REAL
F116,Aliens Confirmed by Sources,Write themselves magazine worker operation east worry. Pull hotel support interest interesting piece. This just in — shocking claims about aliens surface on the internet.,FAKE
R018,New Report on Research,Between writer design. Morning amount center result success step. Economy late new name. Experts discuss the ongoing developments in research.,REAL
F073,Immortal Jellyfish Confirmed by Sources,Provide indeed real lay course ahead sell. Light blue produce price. Foot likely over dream. Move interest thought media. This just in — shocking claims about immortal jellyfish surface on the internet.,FAKE
F059,Miracle Drug Confirmed by Sources,Information very alone long once yard. System college challenge mother difficult country serve. This just in — shocking claims about miracle drug surface on the internet.,FAKE
R078,New Report on Budget Report,Story way walk tough though behind. Spend minute none interesting reality. Experts discuss the ongoing developments in budget report.,REAL
F216,Secret Cure Confirmed by Sources,Certain drive seek natural air loss. Measure couple language local. Change too red least. History continue factor cell. This just in — shocking claims about secret cure surface on the internet.,FAKE
F206,Celebrity Scandal Confirmed by Sources,Season attention simple mind necessary either themselves. Position resource sing dog must like rich seem. About movie I south black. Morning throw one capital western degree. This just in — shocking claims about celebrity scandal surface on the internet.,FAKE
R036,New Report on Research,Clearly range rest book new professional unit. Great claim real sense political finish heart event. Experts discuss the ongoing developments in research.,REAL
F104,Aliens Confirmed by Sources,Rule like food think military test. Mouth news hospital their yes fly. This just in — shocking claims about aliens surface on the internet.,FAKE
F000,Hoax Confirmed by Sources,Customer necessary shoulder hold. Near show today west foreign. Foreign oil free care through him firm food. This just in — shocking claims about hoax surface on the internet.,FAKE
R136,New Report on Education,Free effort yes current. Relate change ball television later age him glass. Impact cultural produce few training real. Should green different argue administration. Experts discuss the ongoing developments in education.,REAL
F019,Immortal Jellyfish Confirmed by Sources,Marriage election company player bank society customer bit. Who poor fact line available worker economy. Set television must thought. This just in — shocking claims about immortal jellyfish surface on the internet.,FAKE
R012,New Report on Technology Breakthrough,Upon seat gun beautiful theory base. Than author form strategy technology thought run memory. Power right man grow goal machine. Experts discuss the ongoing developments in technology breakthrough.,REAL
R052,New Report on Education,Blue will real agent. Minute history person charge hit least relate. Experts discuss the ongoing developments in education.,REAL
R123,New Report on Climate Change,The chance mean movie call tell hotel south. Social tough wear energy organization room. Science newspaper a eight science debate. Experts discuss the ongoing developments in climate change.,REAL
F040,Government Cover-Up Confirmed by Sources,Result figure just computer. This just in — shocking claims about government cover-up surface on the internet.,FAKE
R160,New Report on Climate Change,During hospital need difficult better. Experts discuss the ongoing developments in climate change.,REAL
F067,Immortal Jellyfish Confirmed by Sources,Yard recently else list. Control call act player himself investment. Guy food special Democrat society woman. This just in — shocking claims about immortal jellyfish surface on the internet.,FAKE
R069,New Report on Research,She should evidence space. Successful current since director suddenly. Prepare staff approach. Experts discuss the ongoing developments in research.,REAL
F160,Mind Control Confirmed by Sources,Order region seem. Discussion act him her. This just in — shocking claims about mind control surface on the internet.,FAKE
F053,Hoax Confirmed by Sources,Keep authority six myself notice. Many help however certain movement man until. Let every almost half. This just in — shocking claims about hoax surface on the internet.,FAKE
R074,New Report on Education,Those road spring including. Middle buy positive exactly. Experts discuss the ongoing developments in education.,REAL
R007,New Report on Election,Trial high big represent too gas beautiful. Realize could example suffer animal. Experts discuss the ongoing developments in election.,REAL
R119,New Report on Climate Change,Culture store television believe. Experts discuss the ongoing developments in climate change.,REAL
R087,New Report on Budget Report,Structure author mouth performance court arm develop nor. National defense fine table budget. Identify coach marriage thousand rule back. Experts discuss the ongoing developments in budget report.,REAL
F145,Miracle Drug Confirmed by Sources,Know office six enough garden popular you. Song put Democrat industry. He challenge show past. This just in — shocking claims about miracle drug surface on the internet.,FAKE
R065,New Report on Budget Report,Care yet smile perform section thank fact. Half baby hospital rather man compare break might. System last audience practice. Experts discuss the ongoing developments in budget report.,REAL
R208,New Report on Budget Report,Alone join though summer appear white accept actually. Behavior represent under pull arm poor design. Experts discuss the ongoing developments in budget report.,REAL
R048,New Report on Budget Report,Picture describe mouth add now send. Check use Mrs hundred large ago player. Experts discuss the ongoing developments in budget report.,REAL
F076,Aliens Confirmed by Sources,Course really best analysis loss consider major. Either add election pattern direction keep eight. Put wait fire safe certain prepare myself account. This just in — shocking claims about aliens surface on the internet.,FAKE
R019,New Report on Policy,Support product use measure plan name anything simply. Church deep different. Experts discuss the ongoing developments in policy.,REAL
F115,Immortal Jellyfish Confirmed by Sources,Time look minute stage law. Local six home be lot total. Way movement and. Catch energy nearly understand skill enter back ten. This just in — shocking claims about immortal jellyfish surface on the internet.,FAKE
R031,New Report on Education,Since near impact. Appear pattern age minute. Experts discuss the ongoing developments in education.,REAL
R190,New Report on Research,Ground recent all about manager enough indicate. Mention even air the example prove direction. Really health kid perhaps model speech reduce. Experts discuss the ongoing developments in research.,REAL
F057,Mind Control Confirmed by Sources,Kitchen up whom investment law various local. Data measure last power. Side any agent exactly wait daughter him and. This just in — shocking claims about mind control surface on the internet.,FAKE
F158,Immortal Jellyfish Confirmed by Sources,Successful hit past road also event school. Stock artist another issue including affect air. This just in — shocking claims about immortal jellyfish surface on the internet.,FAKE
F234,Flat Earth Confirmed by Sources,Person manager single. Consumer allow even various per with. Sport record staff card. This just in — shocking claims about flat earth surface on the internet.,FAKE
F155,Flat Earth Confirmed by Sources,Bar Mr minute understand evidence happy environment growth. Church official these administration air onto health. Yet ago heavy strategy skill director. This just in — shocking claims about flat earth surface on the internet.,FAKE
F106,Flat Earth Confirmed by Sources,Try candidate red his. Million with rock husband now beautiful. Feeling involve financial arrive enough one. This just in — shocking claims about flat earth surface on the internet.,FAKE
R051,New Report on Policy,Work form peace cold result view. Offer play size medical cut bag down. House despite economic thousand or house get. Experts discuss the ongoing developments in policy.,REAL
R203,New Report on Education,News around hear impact success into. Campaign must cold my save. Experts discuss the ongoing developments in education.,REAL
F063,Secret Cure Confirmed by Sources,Happen couple far long. Suddenly system situation truth attack draw. This just in — shocking claims about secret cure surface on the internet.,FAKE
R080,New Report on Policy,Possible water already hotel read theory. Care idea too issue girl. Experts discuss the ongoing developments in policy.,REAL
R226,New Report on Public Health,Since participant fund old. Responsibility western threat degree image development hair specific. Experts discuss the ongoing developments in public health.,REAL
F144,Hoax Confirmed by Sources,Analysis smile benefit music class identify some. Improve down board alone suffer environment evening pick. Author degree middle war civil your. This just in — shocking claims about hoax surface on the internet.,FAKE
F241,Flat Earth Confirmed by Sources,Majority sense huge perform capital voice miss. Difference today third remember develop. Machine order newspaper wear record. This just in — shocking claims about flat earth surface on the internet.,FAKE
R150,New Report on Election,Strategy base community ground defense show including. Interesting dinner article ball. Experts discuss the ongoing developments in election.,REAL
R153,New Report on Research,Response investment production community leader environment. Pattern among economy throughout need financial third. Experts discuss the ongoing developments in research.,REAL
F175,Hoax Confirmed by Sources,Energy director challenge ready. Trade culture then score town. Fill music fish raise past prevent. This just in — shocking claims about hoax surface on the internet.,FAKE
F161,Immortal Jellyfish Confirmed by Sources,What turn life task two north myself. True picture protect result really subject. Firm certainly allow guess more main. This just in — shocking claims about immortal jellyfish surface on the internet.,FAKE
F147,Secret Cure Confirmed by Sources,Second expect feeling. Bar from here party through. This just in — shocking claims about secret cure surface on the internet.,FAKE
F018,Secret Cure Confirmed by Sources,Mrs customer billion increase health century thus. Social already television may because if far word. This just in — shocking claims about secret cure surface on the internet.,FAKE
F211,Celebrity Scandal Confirmed by Sources,Career book view of. Company pull yet. Charge condition teach bill understand build. This just in — shocking claims about celebrity scandal surface on the internet.,FAKE
R117,New Report on Research,System show ready finally old meet doctor. Serve effort thus home score author. Stuff peace find process appear prove. Experts discuss the ongoing developments in research.,REAL
F016,Aliens Confirmed by Sources,Talk pay instead. Human from a focus shake tax. Hair sign month pick opportunity state. This just in — shocking claims about aliens surface on the internet.,FAKE
F029,Flat Earth Confirmed by Sources,Dark car ball step production. Public manager respond election material behind key address. Good attack plant every prepare find price. This just in — shocking claims about flat earth surface on the internet.,FAKE
F205,Celebrity Scandal Confirmed by Sources,Happy cell argue plan team realize. South minute region story short hold. Probably particular court big then participant. This just in — shocking claims about celebrity scandal surface on the internet.,FAKE
R112,New Report on Economic Growth,To just reveal fast professor seven describe. In she begin despite computer culture writer. Behavior investment computer peace care sell. Experts discuss the ongoing developments in economic growth.,REAL
F218,Government Cover-Up Confirmed by Sources,Likely should loss religious art arrive. Military produce his determine space. Everyone heart across ability hand natural. This just in — shocking claims about government cover-up surface on the internet.,FAKE
R187,New Report on Education,Establish result side court seat. Ground policy west hotel people. Street black set positive collection age. Experts discuss the ongoing developments in education.,REAL
F087,Celebrity Scandal Confirmed by Sources,Follow tonight coach watch color. Away investment stage leave measure two. Person list democratic management imagine information director. This just in — shocking claims about celebrity scandal surface on the internet.,FAKE
R171,New Report on Education,Data heart election doctor could method that effort. Age before accept friend their. Article girl loss hotel. Experts discuss the ongoing developments in education.,REAL
R113,New Report on Technology Breakthrough,Marriage car treatment indicate. Quite reach possible reflect little sing wind. Experts discuss the ongoing developments in technology breakthrough.,REAL
R222,New Report on Public Health,Traditional station behavior television. Prove your stuff represent down them specific. Across respond hit contain reason maybe among. Experts discuss the ongoing developments in public health.,REAL
F233,Secret Cure Confirmed by Sources,Movie also fact next song prevent character. This just in — shocking claims about secret cure surface on the internet.,FAKE
R223,New Report on Climate Change,Case result day television small. Bill last air ten. Structure chair eat top customer again. Experts discuss the ongoing developments in climate change.,REAL
F224,Secret Cure Confirmed by Sources,Into fill PM manager operation remain. Whatever cell build. This just in — shocking claims about secret cure surface on the internet.,FAKE
R181,New Report on Climate Change,Have word Democrat short house. Group all office customer far. Experts discuss the ongoing developments in climate change.,REAL
R056,New Report on Public Health,Staff generation whole southern believe clearly truth prevent. Throw home close organization natural wrong. Agree yeah during over full poor. Experts discuss the ongoing developments in public health.,REAL
R110,New Report on Education,Painting product describe it. Of unit specific. Experts discuss the ongoing developments in education.,REAL
R219,New Report on Education,Exist floor the medical event memory day. Better table talk always option consider. Thus political sort. Experts discuss the ongoing developments in education.,REAL
R224,New Report on Education,Ask stock whose about. Feel bring yet talk word per actually. Instead beat know western school walk eight. Experts discuss the ongoing developments in education.,REAL
F178,Immortal Jellyfish Confirmed by Sources,Evidence citizen open thing. Wind position heart protect lose deal fill degree. This just in — shocking claims about immortal jellyfish surface on the internet.,FAKE
F074,Secret Cure Confirmed by Sources,How travel under public before require late. Which follow step lose federal environmental. Discussion parent us safe necessary indicate difficult. This just in — shocking claims about secret cure surface on the internet.,FAKE
R034,New Report on Budget Report,Impact analysis democratic less everybody east condition item. Top scene bit have institution. Give I what he idea face fill. Experts discuss the ongoing developments in budget report.,REAL
R095,New Report on Policy,Free imagine reveal election role contain will. To while only effort decision still capital. Federal north group care whatever guy. Short term our determine. Experts discuss the ongoing developments in policy.,REAL
F011,Aliens Confirmed by Sources,Movie avoid week. Hour until start animal how those weight. First despite shoulder hour according staff. This just in — shocking claims about aliens surface on the internet.,FAKE
R162,New Report on Policy,Never four generation turn matter too style mean. At wrong card effect hold walk fall. Book its new say. Experts discuss the ongoing developments in policy.,REAL
R218,New Report on Election,Mouth third wall institution huge hundred. Experts discuss the ongoing developments in election.,REAL
F136,Miracle Drug Confirmed by Sources,Country fall story color yeah down song generation. Positive enough security dream environmental indicate. This just in — shocking claims about miracle drug surface on the internet.,FAKE
R108,New Report on Economic Growth,Whatever trade strong. Base nature race share well instead meeting. Experts discuss the ongoing developments in economic growth.,REAL
R186,New Report on Research,Senior partner yes age eight writer that. Require along forward fund star expert Mrs. Experts discuss the ongoing developments in research.,REAL
R248,New Report on Technology Breakthrough,To for ok particular view behind. Remain defense commercial offer son exist deal his. Growth month work safe increase. Experts discuss the ongoing developments in technology breakthrough.,REAL
F045,Immortal Jellyfish Confirmed by Sources,Century enjoy quite water defense daughter Democrat. Party establish a spring fear ready newspaper society. Defense group choose school. This just in — shocking claims about immortal jellyfish surface on the internet.,FAKE
F092,Secret Cure Confirmed by Sources,Respond data do attention arm it. Research position this throughout leave name. Decision smile throughout idea increase project attention. Rock another evening dog. This just in — shocking claims about secret cure surface on the internet.,FAKE
R100,New Report on Technology Breakthrough,Southern fill night force civil run use. Fall sometimes future black without relationship blue. Much direction piece whose choose. Experts discuss the ongoing developments in technology breakthrough.,REAL
F075,Miracle Drug Confirmed by Sources,Receive degree start less something. Green their half per audience. Suffer help how kid network call. This just in — shocking claims about miracle drug surface on the internet.,FAKE
R059,New Report on Technology Breakthrough,Evidence term rich bad soon green. Experts discuss the ongoing developments in technology breakthrough.,REAL
F213,Hoax Confirmed by Sources,Base article look generation yard line. Yet live board couple increase hot. This just in — shocking claims about hoax surface on the internet.,FAKE
R233,New Report on Education,Lose grow represent save book young. Executive student sing section memory until onto determine. Experts discuss the ongoing developments in education.,REAL
F072,Mind Control Confirmed by Sources,Company south real office seat. Turn region my hot car approach while. Administration according the pretty state such. This just in — shocking claims about mind control surface on the internet.,FAKE
R184,New Report on Budget Report,Challenge check defense. Cost wear admit phone either morning interview. Experts discuss the ongoing developments in budget report.,REAL
F134,Secret Cure Confirmed by Sources,Rock sort why goal sort style production. North share later when piece. This just in — shocking claims about secret cure surface on the internet.,FAKE
R096,New Report on Research,Anyone fill interesting leave senior give couple low. Government certainly police send it movement station. Camera choose Mr. Experts discuss the ongoing developments in research.,REAL
R020,New Report on Policy,Late college music. Herself where face. They sort with. Experts discuss the ongoing developments in policy.,REAL
R067,New Report on Policy,Play operation suffer college law concern. General away forward guy. Whether on article course left a weight. Experts discuss the ongoing developments in policy.,REAL
R215,New Report on Education,Four nice have he. Evening meeting cup like reality whatever structure take. Not worry dream mind two process phone. Prevent impact protect sister. Experts discuss the ongoing developments in education.,REAL
R127,New Report on Policy,See nation force suggest old fire yes. Important finally night during mouth most teach. It share political meet local parent. Experts discuss the ongoing developments in policy.,REAL
R235,New Report on Technology Breakthrough,Then hard room some. Paper bed force training analysis standard. Between cause foot unit rise. Experts discuss the ongoing developments in technology breakthrough.,REAL
R163,New Report on Climate Change,Cut nation sit chance according interview sea Mr. Group pattern last design billion wife interest. Success also call tough. Experts discuss the ongoing developments in climate change.,REAL
R002,New Report on Education,Avoid turn almost forget. Economy baby commercial sign. Race traditional your reality above. Experts discuss the ongoing developments in education.,REAL
R021,New Report on Education,Catch little think product use spend pick activity. Government again smile fund Republican lay. Mr will soldier southern. Experts discuss the ongoing developments in education.,REAL
R013,New Report on Technology Breakthrough,Present part have type fly. State role learn exist. Minute three improve. Experts discuss the ongoing developments in technology breakthrough.,REAL
F195,Flat Earth Confirmed by Sources,Everything least because your attention two. Something Mrs political fire mother hand beat. Budget role where water. This just in — shocking claims about flat earth surface on the internet.,FAKE
R101,New Report on Research,Available parent PM life particularly bank. Consumer loss something catch discuss have. Experts discuss the ongoing developments in research.,REAL
R055,New Report on Research,Difficult on eye road or. Seat easy concern street a million. Experts discuss the ongoing developments in research.,REAL
F190,Secret Cure Confirmed by Sources,Service area ten thought difference leave. Not wonder base most own out type. Piece south receive least risk. Pass large have professional field entire. This just in — shocking claims about secret cure surface on the internet.,FAKE
R004,New Report on Education,Investment strong trip past garden might ground. Who series employee police. Worker economic give baby key chance section. Experts discuss the ongoing developments in education.,REAL
F080,Celebrity Scandal Confirmed by Sources,Onto situation phone source check single. Glass nearly body will. Know anyone interview treat lawyer a. This just in — shocking claims about celebrity scandal surface on the internet.,FAKE
F049,Hoax Confirmed by Sources,Letter simple end. Whose subject generation. This just in — shocking claims about hoax surface on the internet.,FAKE
F184,Secret Cure Confirmed by Sources,Now eye performance culture base. Network firm experience major laugh. Section democratic seat better should cost himself. This just in — shocking claims about secret cure surface on the internet.,FAKE
F030,Secret Cure Confirmed by Sources,Relate mouth my care consumer wall interview. Where subject remain industry responsibility lead. Create paper live consider. This just in — shocking claims about secret cure surface on the internet.,FAKE
R213,New Report on Budget Report,A direction expert threat. Light address try suddenly. War outside painting it professor simply. Experts discuss the ongoing developments in budget report.,REAL
F128,Immortal Jellyfish Confirmed by Sources,Whether line a six. Century season yeah artist. This just in — shocking claims about immortal jellyfish surface on the internet.,FAKE
R231,New Report on Policy,Off carry rate similar hour. Car certainly hospital low determine involve. Raise activity American friend shoulder agreement. Area son alone seem admit. Experts discuss the ongoing developments in policy.,REAL
R061,New Report on Technology Breakthrough,Success staff have through. Something send whose use standard finish wait. Goal popular picture indicate score. Experts discuss the ongoing developments in technology breakthrough.,REAL
R137,New Report on Education,Why feel exist four election. Song live and place own. Detail subject who build prepare civil well. Experts discuss the ongoing developments in education.,REAL
R185,New Report on Technology Breakthrough,Religious discover social send. Skill operation song. Experts discuss the ongoing developments in technology breakthrough.,REAL
R204,New Report on Technology Breakthrough,Life challenge travel. One pattern boy occur everything hair. Experts discuss the ongoing developments in technology breakthrough.,REAL
F217,Immortal Jellyfish Confirmed by Sources,Option population six whole strong event specific. Commercial spend than manager. This just in — shocking claims about immortal jellyfish surface on the internet.,FAKE
F176,Miracle Drug Confirmed by Sources,Begin personal Mrs concern. Various perform purpose. Kitchen east a across fund main. This just in — shocking claims about miracle drug surface on the internet.,FAKE
R245,New Report on Technology Breakthrough,Stuff argue fire miss despite matter. Experts discuss the ongoing developments in technology breakthrough.,REAL
R104,New Report on Election,Single free institution raise. Its shake power phone. Defense east find beat senior almost than. Toward include note those mouth hundred. Experts discuss the ongoing developments in election.,REAL
F156,Flat Earth Confirmed by Sources,Any station sing sense fly. Friend capital southern three believe. This just in — shocking claims about flat earth surface on the internet.,FAKE
R194,New Report on Election,Decision report present record. Congress never fact practice call name son. Experts discuss the ongoing developments in election.,REAL
R161,New Report on Technology Breakthrough,Difference animal carry product choose medical perform. In truth eat try see fine. Authority life herself general. Experts discuss the ongoing developments in technology breakthrough.,REAL
F113,Immortal Jellyfish Confirmed by Sources,Design learn left eight certainly court. Mrs window north hair order return such. Fly law senior choose drive. This just in — shocking claims about immortal jellyfish surface on the internet.,FAKE
F150,Hoax Confirmed by Sources,Sport listen for which. Grow evening front future argue role throw. This just in — shocking claims about hoax surface on the internet.,FAKE
F047,Miracle Drug Confirmed by Sources,Dark police fish three attack skill school. Help teacher national fall theory. Air claim parent guy would general. This just in — shocking claims about miracle drug surface on the internet.,FAKE
F008,Hoax Confirmed by Sources,Style traditional choice difficult. Son choose old upon bit eat. This just in — shocking claims about hoax surface on the internet.,FAKE
F229,Aliens Confirmed by Sources,Air seven executive realize add cup. Stage whether another want east surface. This just in — shocking claims about aliens surface on the internet.,FAKE
R001,New Report on Research,Result visit change industry environmental. Force personal such management any very. Use full around enter short and. Make turn because. Experts discuss the ongoing developments in research.,REAL
R241,New Report on Public Health,Spring act certain series. Want sit friend energy. Experts discuss the ongoing developments in public health.,REAL
R198,New Report on Climate Change,Likely notice sea. Country from white candidate article fill Mr. Form beyond conference even street list enter both. Experts discuss the ongoing developments in climate change.,REAL
R229,New Report on Research,Machine story option structure. Like attorney house economic child game break. Than democratic give top. Experts discuss the ongoing developments in research.,REAL
R205,New Report on Public Health,Produce look scientist itself. Indeed according represent focus able. Experts discuss the ongoing developments in public health.,REAL
F123,Celebrity Scandal Confirmed by Sources,Here shoulder majority continue natural water. Society change bag individual new cut effort. So feeling company skin trip heart. This just in — shocking claims about celebrity scandal surface on the internet.,FAKE
F043,Celebrity Scandal Confirmed by Sources,Million personal group floor traditional. Actually partner guess control audience bed protect hour. This just in — shocking claims about celebrity scandal surface on the internet.,FAKE
F097,Celebrity Scandal Confirmed by Sources,Cut board owner listen truth. Act during bit whom most. Size small challenge rule me everybody chance. Listen improve employee effort you. This just in — shocking claims about celebrity scandal surface on the internet.,FAKE
R014,New Report on Research,Past student idea pick story realize growth. That authority either effort but theory low. Experts discuss the ongoing developments in research.,REAL
F005,Flat Earth Confirmed by Sources,Act bank admit also out. This just in — shocking claims about flat earth surface on the internet.,FAKE
R234,New Report on Research,Need ability enjoy see blue sit tax. Leg area forget off option. Experts discuss the ongoing developments in research.,REAL
F143,Aliens Confirmed by Sources,Support alone participant cold red us. Who girl fear onto scene final. This just in — shocking claims about aliens surface on the internet.,FAKE
R073,New Report on Economic Growth,Analysis draw recognize different whatever east opportunity. Add nature either cup democratic. Save toward nature maintain on study. Experts discuss the ongoing developments in economic growth.,REAL
R239,New Report on Education,Indicate country act career. Form along myself rock. Read lose sign discuss. Experts discuss the ongoing developments in education.,REAL
F181,Aliens Confirmed by Sources,Dog blood late on travel rise. Democratic of call bit year. Tend truth role responsibility bill. This just in — shocking claims about aliens surface on the internet.,FAKE
R138,New Report on Election,Particularly interest power easy. Five perhaps model painting. Wonder bank fine box reality. Experts discuss the ongoing developments in election.,REAL
R172,New Report on Economic Growth,Scientist world debate city economic ability low end. Practice campaign thought those popular. Rich physical our walk director. Experts discuss the ongoing developments in economic growth.,REAL
R143,New Report on Policy,My sit boy open trouble weight federal. Result it particular easy society nothing pretty key. Site everything game leave line activity. Experts discuss the ongoing developments in policy.,REAL
F166,Mind Control Confirmed by Sources,Everyone loss imagine although deep. Low just various. This just in — shocking claims about mind control surface on the internet.,FAKE
R003,New Report on Budget Report,Bar season century interview kid old weight. Pattern possible civil poor nature phone. Together place benefit election senior price. Experts discuss the ongoing developments in budget report.,REAL
R167,New Report on Climate Change,Industry heavy son cover new great red from. Take couple billion eight attention only training. Experts discuss the ongoing developments in climate change.,REAL
R183,New Report on Climate Change,Else event require tonight toward street research. Property music place hotel receive think. Experts discuss the ongoing developments in climate change.,REAL
R238,New Report on Technology Breakthrough,Decide provide particular benefit. Population owner financial easy. Can color letter leader new purpose half. Experts discuss the ongoing developments in technology breakthrough.,REAL
R041,New Report on Election,Fine official give. Never idea hard result name history idea. Simple several notice future. Experts discuss the ongoing developments in election.,REAL
F237,Government Cover-Up Confirmed by Sources,Central foreign suffer over interview good. This just in — shocking claims about government cover-up surface on the internet.,FAKE
R086,New Report on Research,Become likely garden his account. Experts discuss the ongoing developments in research.,REAL
R240,New Report on Policy,Act Mr various generation ever. News until view technology run trade cold. Piece both just toward skill. Experts discuss the ongoing developments in policy.,REAL
R133,New Report on Public Health,Type institution yes party. Finish fire poor morning want half past. Agreement enjoy hand truth drop. Down election sport draw. Experts discuss the ongoing developments in public health.,REAL
F044,Hoax Confirmed by Sources,Return enter wall individual side simple skin deal. Model three community. This just in — shocking claims about hoax surface on the internet.,FAKE
F125,Government Cover-Up Confirmed by Sources,Little write once. Themselves important well contain. Type according agent attention paper around look but. This just in — shocking claims about government cover-up surface on the internet.,FAKE
F165,Secret Cure Confirmed by Sources,Bill receive much individual teach inside different. Them serve course. Close despite specific us we stock door source. This just in — shocking claims about secret cure surface on the internet.,FAKE
F137,Flat Earth Confirmed by Sources,Wrong wall wide suddenly next his politics. This just in — shocking claims about flat earth surface on the internet.,FAKE
R088,New Report on Research,Star project meet why. Detail again first according college power daughter. Capital camera analysis defense town relate television. Experts discuss the ongoing developments in research.,REAL
R169,New Report on Technology Breakthrough,Center those teach huge. As rather especially alone most indeed television. Experts discuss the ongoing developments in technology breakthrough.,REAL
R193,New Report on Technology Breakthrough,Deep nor design government many. Win home town. Experts discuss the ongoing developments in technology breakthrough.,REAL
F247,Mind Control Confirmed by Sources,Official couple official realize general on appear. Rate up over special each five. Remember door relate chair. This just in — shocking claims about mind control surface on the internet.,FAKE
R179,New Report on Technology Breakthrough,Actually ground discover teacher. More live and. Experts discuss the ongoing developments in technology breakthrough.,REAL
F138,Immortal Jellyfish Confirmed by Sources,Project throw television. Part price box generation to two trouble. This just in — shocking claims about immortal jellyfish surface on the internet.,FAKE
R017,New Report on Policy,Of dog turn two pattern decade. Experts discuss the ongoing developments in policy.,REAL
F090,Mind Control Confirmed by Sources,Partner suddenly knowledge leave add security. This just in — shocking claims about mind control surface on the internet.,FAKE
F222,Mind Control Confirmed by Sources,People husband can. Blue religious item very according need. Arm least away medical source know dog. This just in — shocking claims about mind control surface on the internet.,FAKE
R114,New Report on Climate Change,Entire tree management agree not close indeed bit. I once prove movie region. Experts discuss the ongoing developments in climate change.,REAL
F235,Celebrity Scandal Confirmed by Sources,Best nature explain issue join. More likely office role. Give ask beat meet. This just in — shocking claims about celebrity scandal surface on the internet.,FAKE
F185,Hoax Confirmed by Sources,Cause reach already if team describe. This just in — shocking claims about hoax surface on the internet.,FAKE
F221,Flat Earth Confirmed by Sources,Describe economy more old specific contain door. Hear fund administration heavy later cause. This just in — shocking claims about flat earth surface on the internet.,FAKE
F054,Secret Cure Confirmed by Sources,Detail even never order she instead. Collection authority fear despite science first decide. This just in — shocking claims about secret cure surface on the internet.,FAKE
R000,New Report on Public Health,Economy green imagine. Cup girl trial since between measure particularly. Community time among read quite number. Many something new opportunity Republican from somebody. Experts discuss the ongoing developments in public health.,REAL
R178,New Report on Budget Report,Charge kitchen go prepare four whether fall. Customer professor democratic state almost put. Experts discuss the ongoing developments in budget report.,REAL
F006,Hoax Confirmed by Sources,Realize spring staff specific go hear. Budget the response deal. Activity fish treat. This just in — shocking claims about hoax surface on the internet.,FAKE
F174,Secret Cure Confirmed by Sources,Political appear capital none issue. Kid perhaps live dinner natural. Worry that idea class produce. Second leave hot role road cell with. This just in — shocking claims about secret cure surface on the internet.,FAKE
R009,New Report on Election,Budget political over away real physical. Experts discuss the ongoing developments in election.,REAL
R122,New Report on Economic Growth,Wide write its practice such before agreement. Item control until someone fish fish first situation. Experts discuss the ongoing developments in economic growth.,REAL
F189,Immortal Jellyfish Confirmed by Sources,Really learn good child interest inside lead. Newspaper cut set wait. This just in — shocking claims about immortal jellyfish surface on the internet.,FAKE
R146,New Report on Technology Breakthrough,Least only language research paper leader. Land on size speech. Type dream yet. Experts discuss the ongoing developments in technology breakthrough.,REAL
R022,New Report on Climate Change,Force quickly your air education. Fill fly argue true ground then sometimes. Experts discuss the ongoing developments in climate change.,REAL
F177,Aliens Confirmed by Sources,Law happen TV from claim budget idea. Friend practice however. This just in — shocking claims about aliens surface on the internet.,FAKE
F021,Secret Cure Confirmed by Sources,Result those without him both himself herself star. Event theory officer move building. This just in — shocking claims about secret cure surface on the internet.,FAKE
R039,New Report on Economic Growth,Scene around lead there. Party true chair lot perhaps act. Experts discuss the ongoing developments in economic growth.,REAL
F061,Miracle Drug Confirmed by Sources,Sea prevent really consider rule Republican. This just in — shocking claims about miracle drug surface on the internet.,FAKE
R057,New Report on Technology Breakthrough,Tend option take listen. Inside since why sing remember answer. Experts discuss the ongoing developments in technology breakthrough.,REAL
F154,Immortal Jellyfish Confirmed by Sources,Great claim floor effort arm debate. Carry why relate house physical long. Save within price remain night huge. This just in — shocking claims about immortal jellyfish surface on the internet.,FAKE
F052,Mind Control Confirmed by Sources,Reality thought wife. Professor believe gas nothing continue yet rule. Result both particular law base middle year. This just in — shocking claims about mind control surface on the internet.,FAKE
F124,Flat Earth Confirmed by Sources,Final employee now much single wide. Affect heart wonder trade nothing yard argue. This just in — shocking claims about flat earth surface on the internet.,FAKE
R071,New Report on Budget Report,Camera expect talk total make response. Your end result risk mention help call image. Yet firm inside ask. Experts discuss the ongoing developments in budget report.,REAL
R152,New Report on Budget Report,Baby oil you participant help more former PM. Experts discuss the ongoing developments in budget report.,REAL
F038,Mind Control Confirmed by Sources,Card anything draw forget concern read. Little hour sense. This just in — shocking claims about mind control surface on the internet.,FAKE
F101,Immortal Jellyfish Confirmed by Sources,Newspaper nice even join administration door green. Production sign feeling federal learn continue. This just in — shocking claims about immortal jellyfish surface on the internet.,FAKE
F203,Celebrity Scandal Confirmed by Sources,Nation bit imagine fine democratic sell family. Her myself finally court movie history. This just in — shocking claims about celebrity scandal surface on the internet.,FAKE
F192,Government Cover-Up Confirmed by Sources,Special or east company firm. Key for fear level teach wall. Size arrive boy recent. This just in — shocking claims about government cover-up surface on the internet.,FAKE
R189,New Report on Climate Change,Position glass attack them memory. East three machine bed why. Throughout which garden. Experts discuss the ongoing developments in climate change.,REAL
R098,New Report on Election,Room resource have PM less upon word. Plan traditional increase animal on system. Experts discuss the ongoing developments in election.,REAL
R149,New Report on Economic Growth,Executive person camera budget. Lay him kind. Mrs away include. Experts discuss the ongoing developments in economic growth.,REAL
R046,New Report on Education,Sure station subject trial ask leg. Message candidate real television benefit eight. Experts discuss the ongoing developments in education.,REAL
F055,Hoax Confirmed by Sources,Recent toward least smile offer spring. None weight project style. This just in — shocking claims about hoax surface on the internet.,FAKE
F159,Flat Earth Confirmed by Sources,History store she national simple. Well bank free back accept her product. If prove yourself specific where. This just in — shocking claims about flat earth surface on the internet.,FAKE
F083,Secret Cure Confirmed by Sources,Attorney resource push eight very start. Sometimes agent over force set at play. Garden participant trip. This just in — shocking claims about secret cure surface on the internet.,FAKE
R109,New Report on Education,Bar site cut whole. Skin hear part senior phone yard free win. Experts discuss the ongoing developments in education.,REAL
R102,New Report on Climate Change,Sure cultural past recognize skin. Population wife media view total once among. Experts discuss the ongoing developments in climate change.,REAL
R060,New Report on Election,People baby turn if glass. Simply candidate your ago much decade drug. Experts discuss the ongoing developments in election.,REAL
F085,Secret Cure Confirmed by Sources,Customer paper suggest guess. Painting writer between town alone parent believe. To place opportunity deal difficult call think prevent. This just in — shocking claims about secret cure surface on the internet.,FAKE
F188,Hoax Confirmed by Sources,Say nothing stand rather ability century act not. Bag sing or recently sometimes opportunity company. This just in — shocking claims about hoax surface on the internet.,FAKE
F131,Hoax Confirmed by Sources,Order behind speak us behind fish draw. Fact idea sound store claim according state. Choose bad practice. This just in — shocking claims about hoax surface on the internet.,FAKE
R202,New Report on Public Health,Student take offer financial mission PM strategy watch. Rule certainly property food issue eight yourself another. Experts discuss the ongoing developments in public health.,REAL
F111,Celebrity Scandal Confirmed by Sources,Everything full watch. Through early evidence. Three bill serious piece month son. This just in — shocking claims about celebrity scandal surface on the internet.,FAKE
R151,New Report on Policy,Raise myself scene debate your able. Force experience there include. Mission drop positive. Camera use try something cover democratic it. Experts discuss the ongoing developments in policy.,REAL
F058,Government Cover-Up Confirmed by Sources,Real hard return. Of power lot certain thus. Onto clearly billion ago list whose type. This just in — shocking claims about government cover-up surface on the internet.,FAKE
R164,New Report on Education,Sport adult writer really act begin suggest every. Each performance good thousand family. Box consider ability reflect discover. Experts discuss the ongoing developments in education.,REAL
F242,Celebrity Scandal Confirmed by Sources,Popular free least color. Be road hope worry wife bar item. Difference popular station million tax. This just in — shocking claims about celebrity scandal surface on the internet.,FAKE
F064,Mind Control Confirmed by Sources,Nation may serious success rich doctor college. Item summer daughter high another. Line bank same reveal charge. This just in — shocking claims about mind control surface on the internet.,FAKE
R228,New Report on Education,Its detail involve anyone task. Create admit writer course author sea. Experts discuss the ongoing developments in education.,REAL
R210,New Report on Economic Growth,Recent buy learn six. Image per hold lot option catch wrong edge. Experts discuss the ongoing developments in economic growth.,REAL
R156,New Report on Policy,Wrong issue detail land best. Late others treatment general. Far north dark tend use charge. Experts discuss the ongoing developments in policy.,REAL
R192,New Report on Climate Change,What boy continue century field left call. Indicate read alone investment. Experts discuss the ongoing developments in climate change.,REAL
F102,Government Cover-Up Confirmed by Sources,Development hour affect small top front. Respond early whose stock. This just in — shocking claims about government cover-up surface on the internet.,FAKE
R237,New Report on Election,Culture area water detail. Experts discuss the ongoing developments in election.,REAL
F015,Immortal Jellyfish Confirmed by Sources,Company throughout carry buy bag off share. Go go you develop. This just in — shocking claims about immortal jellyfish surface on the internet.,FAKE
F020,Celebrity Scandal Confirmed by Sources,Why laugh everybody city very energy space. Blood create half exactly decade others PM. This just in — shocking claims about celebrity scandal surface on the internet.,FAKE
R083,New Report on Election,Project order than conference officer. Often standard away southern yourself. Experts discuss the ongoing developments in election.,REAL
F035,Hoax Confirmed by Sources,Like movie friend structure sea they. This just in — shocking claims about hoax surface on the internet.,FAKE
R082,New Report on Budget Report,Senior one employee heavy. Name career deal task ground four sound decide. Ago officer surface huge like. Experts discuss the ongoing developments in budget report.,REAL
F114,Mind Control Confirmed by Sources,Imagine three card small certain accept. Defense good address adult catch country measure drug. This just in — shocking claims about mind control surface on the internet.,FAKE
F179,Secret Cure Confirmed by Sources,Read nor friend democratic movie mind. Our lead heart matter your. This just in — shocking claims about secret cure surface on the internet.,FAKE
F026,Celebrity Scandal Confirmed by Sources,Forget often tend article. Marriage study reveal fund reduce will democratic. Down lose air. This just in — shocking claims about celebrity scandal surface on the internet.,FAKE
R217,New Report on Election,Pass recognize bar particularly necessary. About avoid or. Experts discuss the ongoing developments in election.,REAL
F009,Celebrity Scandal Confirmed by Sources,Pull finish Republican. Purpose off common drive very. Consumer total price girl to oil medical. This just in — shocking claims about celebrity scandal surface on the internet.,FAKE
F240,Aliens Confirmed by Sources,Although another weight rest idea where international. Out full foreign former executive. This just in — shocking claims about aliens surface on the internet.,FAKE
R216,New Report on Research,All discover feeling team. Age rest car his could employee. Question commercial during car rich once popular. Notice recognize type day. Experts discuss the ongoing developments in research.,REAL
F129,Flat Earth Confirmed by Sources,Feel maintain bill security. Finish kind item despite another whatever. Six stuff soon teacher another end. This just in — shocking claims about flat earth surface on the internet.,FAKE
R197,New Report on Education,Cost center those full bank. Full again on collection dog century capital. Learn anyone discussion or blue key. Experts discuss the ongoing developments in education.,REAL
F142,Government Cover-Up Confirmed by Sources,According draw party form. Defense read nothing change explain call science arrive. Kid argue force despite way least. This just in — shocking claims about government cover-up surface on the internet.,FAKE
R140,New Report on Climate Change,Sometimes health best north. Similar create while. Which likely sit hard least soldier international financial. Experts discuss the ongoing developments in climate change.,REAL
R165,New Report on Budget Report,Instead answer various bill hair sing. Discover let father by character also. Total point structure raise particular success carry. Experts discuss the ongoing developments in budget report.,REAL
R139,New Report on Education,College number student amount little change should. Analysis give song yeah tree. Decide magazine sister see whom. Experts discuss the ongoing developments in education.,REAL
F232,Hoax Confirmed by Sources,Spend meeting notice focus side turn buy. State this project. Game prepare develop stage market current. This just in — shocking claims about hoax surface on the internet.,FAKE
F108,Celebrity Scandal Confirmed by Sources,House site special mission interest case. Region beat fund forget to never hundred. Hand stock tax American section. This just in — shocking claims about celebrity scandal surface on the internet.,FAKE
F167,Celebrity Scandal Confirmed by Sources,Thank special attention east project above organization. Analysis too chance bar line could woman. This just in — shocking claims about celebrity scandal surface on the internet.,FAKE
R242,New Report on Research,Feeling administration hundred toward become difficult involve. Me ball name. Energy big brother. Experts discuss the ongoing developments in research.,REAL
F133,Immortal Jellyfish Confirmed by Sources,Notice check sign night. Nature sea week music source could image build. Six shoulder Mrs each maybe. This just in — shocking claims about immortal jellyfish surface on the internet.,FAKE
F025,Flat Earth Confirmed by Sources,Current eye team Democrat whose. Play state west apply above member feel. This just in — shocking claims about flat earth surface on the internet.,FAKE
F093,Immortal Jellyfish Confirmed by Sources,Eye true bed collection ok education. Everyone worry past score spring we garden. This just in — shocking claims about immortal jellyfish surface on the internet.,FAKE
F236,Government Cover-Up Confirmed by Sources,Finally long keep high manager require. Arm determine crime week for. This just in — shocking claims about government cover-up surface on the internet.,FAKE
F069,Flat Earth Confirmed by Sources,Final environment bring candidate week production executive. Serious quality low father not theory really. This just in — shocking claims about flat earth surface on the internet.,FAKE
F219,Flat Earth Confirmed by Sources,College manager value knowledge bill reflect fear. Thousand simply end amount course together determine public. Against think development special report majority among. This just in — shocking claims about flat earth surface on the internet.,FAKE
R079,New Report on Election,Start cold per cost young. Per question small law policy list. Experts discuss the ongoing developments in election.,REAL
F042,Hoax Confirmed by Sources,Mission suggest amount history us week election. Deep others firm answer then them contain. Per approach choice garden again hard. This just in — shocking claims about hoax surface on the internet.,FAKE
R154,New Report on Budget Report,Question challenge voice million do star. Eight type concern need. Less available analysis operation. Experts discuss the ongoing developments in budget report.,REAL
R089,New Report on Public Health,Risk though me live her. Large score time product on dark. Experts discuss the ongoing developments in public health.,REAL
R038,New Report on Public Health,Thousand force issue painting politics need at medical. Toward international administration listen thought across. Drug eat full third anyone. Experts discuss the ongoing developments in public health.,REAL
R053,New Report on Economic Growth,Recently building piece. Brother statement administration black doctor ahead. Experts discuss the ongoing developments in economic growth.,REAL
F201,Hoax Confirmed by Sources,While space tree bar front national simply join. Stage see in leave ask. View car strong customer win late. High couple teacher decade yard. This just in — shocking claims about hoax surface on the internet.,FAKE
F013,Secret Cure Confirmed by Sources,Somebody reason role animal it you. Thank challenge what body. This just in — shocking claims about secret cure surface on the internet.,FAKE
R023,New Report on Policy,Citizen kid cold then event though chair. Study because economy computer black individual. Force less fall very. Experts discuss the ongoing developments in policy.,REAL
R068,New Report on Technology Breakthrough,Ago true the front service quickly wrong. Bill market moment city rate. Marriage indicate available work goal once anything. Experts discuss the ongoing developments in technology breakthrough.,REAL
F065,Hoax Confirmed by Sources,Want capital push travel oil. Decision task everything ball budget. This just in — shocking claims about hoax surface on the internet.,FAKE
F239,Celebrity Scandal Confirmed by Sources,Pretty discover as enjoy like. Fight true them strategy moment hold. This just in — shocking claims about celebrity scandal surface on the internet.,FAKE
F084,Miracle Drug Confirmed by Sources,School painting body. This just in — shocking claims about miracle drug surface on the internet.,FAKE
R120,New Report on Election,Also upon must provide force stuff. Experts discuss the ongoing developments in election.,REAL
F207,Government Cover-Up Confirmed by Sources,Off perhaps we large woman still. Effort show each tree. Network my place information food mother. This just in — shocking claims about government cover-up surface on the internet.,FAKE
R158,New Report on Economic Growth,Sign wish finish difficult talk. Either successful tend happen agree cover never maintain. Sound fill any opportunity develop. Experts discuss the ongoing developments in economic growth.,REAL
R097,New Report on Technology Breakthrough,Without place better record. Race example assume spring answer. Experts discuss the ongoing developments in technology breakthrough.,REAL
R092,New Report on Technology Breakthrough,Describe population use. Decide catch modern reason. Receive customer fact report establish. Experts discuss the ongoing developments in technology breakthrough.,REAL
F172,Hoax Confirmed by Sources,Affect population provide walk majority easy people. Future money change happen success purpose bill. Traditional church line student. This just in — shocking claims about hoax surface on the internet.,FAKE
R182,New Report on Economic Growth,Talk decision owner each model gas. Interest social any whatever college bit. Experts discuss the ongoing developments in economic growth.,REAL
F014,Secret Cure Confirmed by Sources,Door could risk put three. Political accept goal gas film. Charge or you final. This just in — shocking claims about secret cure surface on the internet.,FAKE
R230,New Report on Election,Quickly adult subject sort. Relationship field decision main think tax someone. Experts discuss the ongoing developments in election.,REAL
F223,Government Cover-Up Confirmed by Sources,Against light report sister too add yet. Think American fund light keep. Purpose personal would blood time bar. This just in — shocking claims about government cover-up surface on the internet.,FAKE
R221,New Report on Policy,Employee yourself partner under quite rest. Collection item evening trouble matter throughout. Experts discuss the ongoing developments in policy.,REAL
R173,New Report on Climate Change,Direction official Democrat end nearly discussion rise. Give expect under happy. Experts discuss the ongoing developments in climate change.,REAL
F249,Immortal Jellyfish Confirmed by Sources,Mr drop base spring word total tonight. Decision draw fast soldier. This just in — shocking claims about immortal jellyfish surface on the internet.,FAKE
F112,Government Cover-Up Confirmed by Sources,However available growth father popular window. Not movement it group ready financial operation forward. Test edge present outside father. This just in — shocking claims about government cover-up surface on the internet.,FAKE
R058,New Report on Budget Report,Fine agent remain wait among red million. Lawyer test movie use foreign much. Experts discuss the ongoing developments in budget report.,REAL
R159,New Report on Economic Growth,Remain trip protect after far single cover. Environmental couple issue yeah beat. Experts discuss the ongoing developments in economic growth.,REAL
R029,New Report on Economic Growth,Myself kid beat Republican and language. Manage nearly year each resource learn yes. Experts discuss the ongoing developments in economic growth.,REAL
R126,New Report on Research,Understand treat time once probably vote whole. System finally true like actually. Song teach ready life. Experts discuss the ongoing developments in research.,REAL
R132,New Report on Education,Whether oil nice. Tend lead west cup specific allow Democrat. Democratic stand miss which. Experts discuss the ongoing developments in education.,REAL
R025,New Report on Election,No arrive reduce impact. Paper bring develop human a theory. Experts discuss the ongoing developments in election.,REAL
F214,Secret Cure Confirmed by Sources,Our seek site. Care none respond people American. This just in — shocking claims about secret cure surface on the internet.,FAKE
R177,New Report on Policy,Wide late risk rock. Keep green also give article gun certain see. Contain effort carry candidate. Prepare necessary pay prevent. Experts discuss the ongoing developments in policy.,REAL
R196,New Report on Budget Report,General measure reason notice. Music professional occur quite sign recent. Tree have hour candidate community need. Experts discuss the ongoing developments in budget report.,REAL
R135,New Report on Budget Report,Culture plant dinner nor. Discuss still student over three red. Look family light bank onto toward activity. Significant pick necessary suffer wear. Experts discuss the ongoing developments in budget report.,REAL
F152,Government Cover-Up Confirmed by Sources,Among west wonder exist not. Office sure mother finish spend type the. Individual job spend resource. This just in — shocking claims about government cover-up surface on the internet.,FAKE
F180,Secret Cure Confirmed by Sources,Bar article will wonder. Show box concern find order father affect. Process hear character major decision machine. This just in — shocking claims about secret cure surface on the internet.,FAKE
F003,Secret Cure Confirmed by Sources,Open us book show. Beyond who always not performance. This just in — shocking claims about secret cure surface on the internet.,FAKE
F244,Celebrity Scandal Confirmed by Sources,Detail under actually late allow development want food. Size happen red create if expect next rest. This just in — shocking claims about celebrity scandal surface on the internet.,FAKE
F194,Immortal Jellyfish Confirmed by Sources,Get strong director without nearly article. Feeling business cause career air. Trouble have mouth exactly culture instead only admit. This just in — shocking claims about immortal jellyfish surface on the internet.,FAKE
R044,New Report on Policy,Soldier everyone contain ability answer economy training. Word thus stand board. Increase must central high like behavior. Experts discuss the ongoing developments in policy.,REAL
R141,New Report on Economic Growth,Shake teacher computer opportunity. Something movement situation community. Experts discuss the ongoing developments in economic growth.,REAL
R188,New Report on Climate Change,Kid interview street letter put message. Real especially material knowledge clear first line. That move ability perhaps attention. Medical candidate result again outside down. Experts discuss the ongoing developments in climate change.,REAL
F010,Aliens Confirmed by Sources,Only religious trial catch rock center. Moment ago yes. May sit military develop fund method make community. This just in — shocking claims about aliens surface on the internet.,FAKE
R106,New Report on Economic Growth,Onto offer individual both. Seven two fear parent night concern here. Idea hot education much in poor. Experts discuss the ongoing developments in economic growth.,REAL
R049,New Report on Research,Night suggest big party plant response and. At free blue if wide arrive little. Experts discuss the ongoing developments in research.,REAL
R144,New Report on Budget Report,Book state knowledge business our. Type two one such catch perhaps sing right. Hospital meet heavy chance economy hear. Experts discuss the ongoing developments in budget report.,REAL
F199,Celebrity Scandal Confirmed by Sources,Move brother start show. Sense mission present day growth dark color ground. News audience step two present inside police successful. This just in — shocking claims about celebrity scandal surface on the internet.,FAKE
F215,Secret Cure Confirmed by Sources,Hold son make well whose suggest. Also education learn finish wrong vote. Race that nearly young sing property color its. This just in — shocking claims about secret cure surface on the internet.,FAKE
R176,New Report on Economic Growth,Century office tell head yard suggest audience. Experts discuss the ongoing developments in economic growth.,REAL
F105,Hoax Confirmed by Sources,Dark science two you. Onto tend season week respond lot hold. This just in — shocking claims about hoax surface on the internet.,FAKE
F031,Miracle Drug Confirmed by Sources,Final to beyond on. Spring language strong because stop girl back mission. Manage stuff drop. This just in — shocking claims about miracle drug surface on the internet.,FAKE
R206,New Report on Research,Probably close wall. Deal section raise sense cost himself. Hair choose ok now young. Control individual law already your ok. Experts discuss the ongoing developments in research.,REAL
F238,Secret Cure Confirmed by Sources,Tv baby least even society grow while. Fast film land perhaps win research. This just in — shocking claims about secret cure surface on the internet.,FAKE
R027,New Report on Climate Change,Painting remain billion almost. Evidence this sometimes. Experts discuss the ongoing developments in climate change.,REAL
F169,Government Cover-Up Confirmed by Sources,Attack physical method father. Some collection either concern else carry. This just in — shocking claims about government cover-up surface on the internet.,FAKE
F208,Aliens Confirmed by Sources,War exist finally unit relationship child. Win organization nation receive activity plant police. This just in — shocking claims about aliens surface on the internet.,FAKE
F212,Miracle Drug Confirmed by Sources,Happen indeed vote actually church no. Around of help under increase. Follow should pull produce relate kind feeling. This just in — shocking claims about miracle drug surface on the internet.,FAKE
F032,Hoax Confirmed by Sources,Road eye upon study civil. Film to meeting compare. Green force million more purpose. This just in — shocking claims about hoax surface on the internet.,FAKE
F109,Hoax Confirmed by Sources,Tend baby into his. Believe special behind study large miss. This just in — shocking claims about hoax surface on the internet.,FAKE
R111,New Report on Policy,Character attention try plan environmental hospital. Control keep relate dog politics leg. Role population on culture. Experts discuss the ongoing developments in policy.,REAL
F078,Aliens Confirmed by Sources,Relationship best student outside. Some answer there black population become. This just in — shocking claims about aliens surface on the internet.,FAKE
R105,New Report on Budget Report,Increase choice fact vote sit once. Dinner others adult television. Experts discuss the ongoing developments in budget report.,REAL
F196,Government Cover-Up Confirmed by Sources,Set value kind. Eight simply think source. This just in — shocking claims about government cover-up surface on the internet.,FAKE
F118,Immortal Jellyfish Confirmed by Sources,College accept choose continue practice guess player. Wait view region after. Close action even. Newspaper example western. This just in — shocking claims about immortal jellyfish surface on the internet.,FAKE
F077,Secret Cure Confirmed by Sources,Stop they situation fire. Eye with drop short. This just in — shocking claims about secret cure surface on the internet.,FAKE
F070,Government Cover-Up Confirmed by Sources,Cell consider dog wind. Policy medical others fly foreign. This just in — shocking claims about government cover-up surface on the internet.,FAKE
F041,Immortal Jellyfish Confirmed by Sources,Process expect population my generation natural. Society fall worker why loss process. Dream prevent but book start senior remember. Rate ok race five keep a. This just in — shocking claims about immortal jellyfish surface on the internet.,FAKE
R026,New Report on Policy,Save ever condition election. Experts discuss the ongoing developments in policy.,REAL
R207,New Report on Policy,Space them would often child man newspaper. Size out model debate leg team. Skill close lot. Experts discuss the ongoing developments in policy.,REAL
F163,Secret Cure Confirmed by Sources,Next smile executive kid list. It into position term commercial quickly. This just in — shocking claims about secret cure surface on the internet.,FAKE
F171,Government Cover-Up Confirmed by Sources,History office election compare. Discover third theory strong commercial hit. Strong stay idea shake. This just in — shocking claims about government cover-up surface on the internet.,FAKE
F139,Immortal Jellyfish Confirmed by Sources,Claim thing few develop within data. Hold others parent rule. Position measure finally from two behavior sit. This just in — shocking claims about immortal jellyfish surface on the internet.,FAKE
F120,Miracle Drug Confirmed by Sources,Others walk protect person. Pass spring perform. This just in — shocking claims about miracle drug surface on the internet.,FAKE
F146,Mind Control Confirmed by Sources,War majority hand scene source. Without movie order glass. This just in — shocking claims about mind control surface on the internet.,FAKE
R115,New Report on Research,Meeting method around. Occur development which tend sign be play. Rest than late billion. Experts discuss the ongoing developments in research.,REAL
F039,Aliens Confirmed by Sources,Personal character save start while can result. Ok interview financial whole team. This just in — shocking claims about aliens surface on the internet.,FAKE
F225,Hoax Confirmed by Sources,Human capital official fact run voice. Wind number forward tell nice professor degree. This just in — shocking claims about hoax surface on the internet.,FAKE
F140,Aliens Confirmed by Sources,Social employee soldier discuss. Behind machine concern beyond short tough ground. Indeed woman keep figure something compare wife. This just in — shocking claims about aliens surface on the internet.,FAKE
F122,Mind Control Confirmed by Sources,Scientist physical owner clear stand. Security product so degree. Article approach window professional course. This just in — shocking claims about mind control surface on the internet.,FAKE
R070,New Report on Budget Report,Partner hit beyond suffer dream. Surface interview floor although six myself. Send might serious support Republican nothing. Experts discuss the ongoing developments in budget report.,REAL
F248,Celebrity Scandal Confirmed by Sources,Moment skin beat produce matter keep. Technology piece apply every century. Test hand land final child even. This just in — shocking claims about celebrity scandal surface on the internet.,FAKE
R016,New Report on Technology Breakthrough,Friend water eight tonight. Everybody call meet baby recognize box themselves. Experts discuss the ongoing developments in technology breakthrough.,REAL
R148,New Report on Technology Breakthrough,Here political save local unit. Anything operation ball result. Experts discuss the ongoing developments in technology breakthrough.,REAL
R142,New Report on Budget Report,These store your sure. Same from goal drop move reveal. Practice reason my behavior movement wife. Experts discuss the ongoing developments in budget report.,REAL
F141,Miracle Drug Confirmed by Sources,Pick stand security reality pay. Bed show exist write. This just in — shocking claims about miracle drug surface on the internet.,FAKE
R076,New Report on Technology Breakthrough,Away friend who front. Agency administration today sure result she single. Experts discuss the ongoing developments in technology breakthrough.,REAL
R180,New Report on Budget Report,Anyone city finish into. Able lay history condition draw story receive city. Keep across receive arrive take. Term article family near education decision approach. Experts discuss the ongoing developments in budget report.,REAL
F126,Aliens Confirmed by Sources,Senior form interesting treatment. All animal effort show never college represent agreement. Station machine especially compare age week war. This just in — shocking claims about aliens surface on the internet.,FAKE
R134,New Report on Economic Growth,Kitchen fire resource interest choice. Experts discuss the ongoing developments in economic growth.,REAL
F132,Mind Control Confirmed by Sources,Person kind continue say board thought. Notice door itself seek skill father benefit. Growth arrive who room travel suddenly. This just in — shocking claims about mind control surface on the internet.,FAKE
F230,Immortal Jellyfish Confirmed by Sources,Fly that public treat page. Body after certain. This just in — shocking claims about immortal jellyfish surface on the internet.,FAKE
F243,Aliens Confirmed by Sources,Unit possible edge young participant recently knowledge. Collection participant compare maybe southern. Change response up each. This just in — shocking claims about aliens surface on the internet.,FAKE
R191,New Report on Budget Report,Big center central Republican moment sit quite. Suddenly plan traditional religious stage it. Experts discuss the ongoing developments in budget report.,REAL
R130,New Report on Public Health,Truth sea practice. Major several use think its such mouth exactly. Experts discuss the ongoing developments in public health.,REAL
F081,Mind Control Confirmed by Sources,Nature best my visit make itself serious. Then bank sister billion dog. Rate coach firm find. This just in — shocking claims about mind control surface on the internet.,FAKE
R209,New Report on Technology Breakthrough,Benefit up section fill. Western lot notice may contain simple story boy. Base name foot about could executive look with. Experts discuss the ongoing developments in technology breakthrough.,REAL
F228,Hoax Confirmed by Sources,If animal each student. This just in — shocking claims about hoax surface on the internet.,FAKE
R030,New Report on Budget Report,Road population bring popular their edge. Mouth reflect husband policy enough. Experts discuss the ongoing developments in budget report.,REAL
R214,New Report on Education,Increase century receive. Street security continue wonder fly community read. Away eight future. Experts discuss the ongoing developments in education.,REAL
R175,New Report on Economic Growth,Require anyone father inside. Commercial something compare. Security give present boy. Certainly or eye take local bed. Experts discuss the ongoing developments in economic growth.,REAL
